"Gewest","Provincie","Leeftijdsklasse","Leeftijd","Bevolking op 01 januari 2019"
"Vlaams Gewest","Provincie Antwerpen","Minder dan 5 jaar","Minder dan 1 jaar",19813
"Vlaams Gewest","Provincie Antwerpen","Minder dan 5 jaar","1 jaar",20079
"Vlaams Gewest","Provincie Antwerpen","Minder dan 5 jaar","2 jaar",20383
"Vlaams Gewest","Provincie Antwerpen","Minder dan 5 jaar","3 jaar",20420
"Vlaams Gewest","Provincie Antwerpen","Minder dan 5 jaar","4 jaar",21323
"Vlaams Gewest","Provincie Antwerpen","Van 5 tot 9 jaar","5 jaar",21278
"Vlaams Gewest","Provincie Antwerpen","Van 5 tot 9 jaar","6 jaar",21865
"Vlaams Gewest","Provincie Antwerpen","Van 5 tot 9 jaar","7 jaar",21919
"Vlaams Gewest","Provincie Antwerpen","Van 5 tot 9 jaar","8 jaar",22339
"Vlaams Gewest","Provincie Antwerpen","Van 5 tot 9 jaar","9 jaar",21899
"Vlaams Gewest","Provincie Antwerpen","Van 10 tot 14 jaar","10 jaar",21990
"Vlaams Gewest","Provincie Antwerpen","Van 10 tot 14 jaar","11 jaar",21254
"Vlaams Gewest","Provincie Antwerpen","Van 10 tot 14 jaar","12 jaar",20849
"Vlaams Gewest","Provincie Antwerpen","Van 10 tot 14 jaar","13 jaar",20373
"Vlaams Gewest","Provincie Antwerpen","Van 10 tot 14 jaar","14 jaar",19951
"Vlaams Gewest","Provincie Antwerpen","Van 15 tot 19 jaar","15 jaar",19493
"Vlaams Gewest","Provincie Antwerpen","Van 15 tot 19 jaar","16 jaar",19210
"Vlaams Gewest","Provincie Antwerpen","Van 15 tot 19 jaar","17 jaar",19184
"Vlaams Gewest","Provincie Antwerpen","Van 15 tot 19 jaar","18 jaar",19919
"Vlaams Gewest","Provincie Antwerpen","Van 15 tot 19 jaar","19 jaar",20026
"Vlaams Gewest","Provincie Antwerpen","Van 20 tot 24 jaar","20 jaar",20334
"Vlaams Gewest","Provincie Antwerpen","Van 20 tot 24 jaar","21 jaar",20758
"Vlaams Gewest","Provincie Antwerpen","Van 20 tot 24 jaar","22 jaar",21023
"Vlaams Gewest","Provincie Antwerpen","Van 20 tot 24 jaar","23 jaar",21544
"Vlaams Gewest","Provincie Antwerpen","Van 20 tot 24 jaar","24 jaar",21922
"Vlaams Gewest","Provincie Antwerpen","Van 25 tot 29 jaar","25 jaar",22942
"Vlaams Gewest","Provincie Antwerpen","Van 25 tot 29 jaar","26 jaar",24157
"Vlaams Gewest","Provincie Antwerpen","Van 25 tot 29 jaar","27 jaar",24256
"Vlaams Gewest","Provincie Antwerpen","Van 25 tot 29 jaar","28 jaar",24794
"Vlaams Gewest","Provincie Antwerpen","Van 25 tot 29 jaar","29 jaar",24155
"Vlaams Gewest","Provincie Antwerpen","Van 30 tot 34 jaar","30 jaar",24392
"Vlaams Gewest","Provincie Antwerpen","Van 30 tot 34 jaar","31 jaar",24044
"Vlaams Gewest","Provincie Antwerpen","Van 30 tot 34 jaar","32 jaar",23804
"Vlaams Gewest","Provincie Antwerpen","Van 30 tot 34 jaar","33 jaar",23863
"Vlaams Gewest","Provincie Antwerpen","Van 30 tot 34 jaar","34 jaar",24118
"Vlaams Gewest","Provincie Antwerpen","Van 35 tot 39 jaar","35 jaar",24420
"Vlaams Gewest","Provincie Antwerpen","Van 35 tot 39 jaar","36 jaar",24428
"Vlaams Gewest","Provincie Antwerpen","Van 35 tot 39 jaar","37 jaar",24601
"Vlaams Gewest","Provincie Antwerpen","Van 35 tot 39 jaar","38 jaar",24971
"Vlaams Gewest","Provincie Antwerpen","Van 35 tot 39 jaar","39 jaar",24334
"Vlaams Gewest","Provincie Antwerpen","Van 40 tot 44 jaar","40 jaar",23846
"Vlaams Gewest","Provincie Antwerpen","Van 40 tot 44 jaar","41 jaar",23277
"Vlaams Gewest","Provincie Antwerpen","Van 40 tot 44 jaar","42 jaar",22432
"Vlaams Gewest","Provincie Antwerpen","Van 40 tot 44 jaar","43 jaar",22195
"Vlaams Gewest","Provincie Antwerpen","Van 40 tot 44 jaar","44 jaar",22452
"Vlaams Gewest","Provincie Antwerpen","Van 45 tot 49 jaar","45 jaar",23118
"Vlaams Gewest","Provincie Antwerpen","Van 45 tot 49 jaar","46 jaar",24045
"Vlaams Gewest","Provincie Antwerpen","Van 45 tot 49 jaar","47 jaar",25028
"Vlaams Gewest","Provincie Antwerpen","Van 45 tot 49 jaar","48 jaar",25629
"Vlaams Gewest","Provincie Antwerpen","Van 45 tot 49 jaar","49 jaar",25222
"Vlaams Gewest","Provincie Antwerpen","Van 50 tot 54 jaar","50 jaar",25538
"Vlaams Gewest","Provincie Antwerpen","Van 50 tot 54 jaar","51 jaar",25275
"Vlaams Gewest","Provincie Antwerpen","Van 50 tot 54 jaar","52 jaar",26257
"Vlaams Gewest","Provincie Antwerpen","Van 50 tot 54 jaar","53 jaar",26816
"Vlaams Gewest","Provincie Antwerpen","Van 50 tot 54 jaar","54 jaar",27452
"Vlaams Gewest","Provincie Antwerpen","Van 55 tot 59 jaar","55 jaar",27216
"Vlaams Gewest","Provincie Antwerpen","Van 55 tot 59 jaar","56 jaar",26713
"Vlaams Gewest","Provincie Antwerpen","Van 55 tot 59 jaar","57 jaar",26421
"Vlaams Gewest","Provincie Antwerpen","Van 55 tot 59 jaar","58 jaar",25598
"Vlaams Gewest","Provincie Antwerpen","Van 55 tot 59 jaar","59 jaar",25985
"Vlaams Gewest","Provincie Antwerpen","Van 60 tot 64 jaar","60 jaar",24688
"Vlaams Gewest","Provincie Antwerpen","Van 60 tot 64 jaar","61 jaar",24004
"Vlaams Gewest","Provincie Antwerpen","Van 60 tot 64 jaar","62 jaar",23249
"Vlaams Gewest","Provincie Antwerpen","Van 60 tot 64 jaar","63 jaar",22794
"Vlaams Gewest","Provincie Antwerpen","Van 60 tot 64 jaar","64 jaar",22087
"Vlaams Gewest","Provincie Antwerpen","Van 65 tot 69 jaar","65 jaar",21074
"Vlaams Gewest","Provincie Antwerpen","Van 65 tot 69 jaar","66 jaar",20816
"Vlaams Gewest","Provincie Antwerpen","Van 65 tot 69 jaar","67 jaar",19138
"Vlaams Gewest","Provincie Antwerpen","Van 65 tot 69 jaar","68 jaar",19123
"Vlaams Gewest","Provincie Antwerpen","Van 65 tot 69 jaar","69 jaar",18844
"Vlaams Gewest","Provincie Antwerpen","Van 70 tot 74 jaar","70 jaar",18456
"Vlaams Gewest","Provincie Antwerpen","Van 70 tot 74 jaar","71 jaar",18386
"Vlaams Gewest","Provincie Antwerpen","Van 70 tot 74 jaar","72 jaar",18601
"Vlaams Gewest","Provincie Antwerpen","Van 70 tot 74 jaar","73 jaar",15746
"Vlaams Gewest","Provincie Antwerpen","Van 70 tot 74 jaar","74 jaar",15901
"Vlaams Gewest","Provincie Antwerpen","Van 75 tot 79 jaar","75 jaar",14609
"Vlaams Gewest","Provincie Antwerpen","Van 75 tot 79 jaar","76 jaar",12852
"Vlaams Gewest","Provincie Antwerpen","Van 75 tot 79 jaar","77 jaar",11205
"Vlaams Gewest","Provincie Antwerpen","Van 75 tot 79 jaar","78 jaar",12104
"Vlaams Gewest","Provincie Antwerpen","Van 75 tot 79 jaar","79 jaar",12544
"Vlaams Gewest","Provincie Antwerpen","Van 80 tot 84 jaar","80 jaar",12716
"Vlaams Gewest","Provincie Antwerpen","Van 80 tot 84 jaar","81 jaar",11641
"Vlaams Gewest","Provincie Antwerpen","Van 80 tot 84 jaar","82 jaar",10825
"Vlaams Gewest","Provincie Antwerpen","Van 80 tot 84 jaar","83 jaar",10211
"Vlaams Gewest","Provincie Antwerpen","Van 80 tot 84 jaar","84 jaar",9427
"Vlaams Gewest","Provincie Antwerpen","Van 85 tot 89 jaar","85 jaar",8691
"Vlaams Gewest","Provincie Antwerpen","Van 85 tot 89 jaar","86 jaar",8081
"Vlaams Gewest","Provincie Antwerpen","Van 85 tot 89 jaar","87 jaar",7395
"Vlaams Gewest","Provincie Antwerpen","Van 85 tot 89 jaar","88 jaar",6454
"Vlaams Gewest","Provincie Antwerpen","Van 85 tot 89 jaar","89 jaar",5341
"Vlaams Gewest","Provincie Antwerpen","Van 90 tot 94 jaar","90 jaar",4396
"Vlaams Gewest","Provincie Antwerpen","Van 90 tot 94 jaar","91 jaar",3473
"Vlaams Gewest","Provincie Antwerpen","Van 90 tot 94 jaar","92 jaar",2827
"Vlaams Gewest","Provincie Antwerpen","Van 90 tot 94 jaar","93 jaar",2187
"Vlaams Gewest","Provincie Antwerpen","Van 90 tot 94 jaar","94 jaar",1649
"Vlaams Gewest","Provincie Antwerpen","Van 95 tot 99 jaar","95 jaar",1207
"Vlaams Gewest","Provincie Antwerpen","Van 95 tot 99 jaar","96 jaar",858
"Vlaams Gewest","Provincie Antwerpen","Van 95 tot 99 jaar","97 jaar",613
"Vlaams Gewest","Provincie Antwerpen","Van 95 tot 99 jaar","98 jaar",433
"Vlaams Gewest","Provincie Antwerpen","Van 95 tot 99 jaar","99 jaar",180
"Vlaams Gewest","Provincie Antwerpen","100 jaar en meer","100 jaar en meer",218
"Vlaams Gewest","Provincie Vlaams-Brabant","Minder dan 5 jaar","Minder dan 1 jaar",11091
"Vlaams Gewest","Provincie Vlaams-Brabant","Minder dan 5 jaar","1 jaar",11750
"Vlaams Gewest","Provincie Vlaams-Brabant","Minder dan 5 jaar","2 jaar",12235
"Vlaams Gewest","Provincie Vlaams-Brabant","Minder dan 5 jaar","3 jaar",12320
"Vlaams Gewest","Provincie Vlaams-Brabant","Minder dan 5 jaar","4 jaar",12881
"Vlaams Gewest","Provincie Vlaams-Brabant","Van 5 tot 9 jaar","5 jaar",13104
"Vlaams Gewest","Provincie Vlaams-Brabant","Van 5 tot 9 jaar","6 jaar",13225
"Vlaams Gewest","Provincie Vlaams-Brabant","Van 5 tot 9 jaar","7 jaar",13295
"Vlaams Gewest","Provincie Vlaams-Brabant","Van 5 tot 9 jaar","8 jaar",13805
"Vlaams Gewest","Provincie Vlaams-Brabant","Van 5 tot 9 jaar","9 jaar",13723
"Vlaams Gewest","Provincie Vlaams-Brabant","Van 10 tot 14 jaar","10 jaar",13882
"Vlaams Gewest","Provincie Vlaams-Brabant","Van 10 tot 14 jaar","11 jaar",13753
"Vlaams Gewest","Provincie Vlaams-Brabant","Van 10 tot 14 jaar","12 jaar",13798
"Vlaams Gewest","Provincie Vlaams-Brabant","Van 10 tot 14 jaar","13 jaar",13447
"Vlaams Gewest","Provincie Vlaams-Brabant","Van 10 tot 14 jaar","14 jaar",13230
"Vlaams Gewest","Provincie Vlaams-Brabant","Van 15 tot 19 jaar","15 jaar",12999
"Vlaams Gewest","Provincie Vlaams-Brabant","Van 15 tot 19 jaar","16 jaar",12792
"Vlaams Gewest","Provincie Vlaams-Brabant","Van 15 tot 19 jaar","17 jaar",12825
"Vlaams Gewest","Provincie Vlaams-Brabant","Van 15 tot 19 jaar","18 jaar",13036
"Vlaams Gewest","Provincie Vlaams-Brabant","Van 15 tot 19 jaar","19 jaar",13026
"Vlaams Gewest","Provincie Vlaams-Brabant","Van 20 tot 24 jaar","20 jaar",13197
"Vlaams Gewest","Provincie Vlaams-Brabant","Van 20 tot 24 jaar","21 jaar",13342
"Vlaams Gewest","Provincie Vlaams-Brabant","Van 20 tot 24 jaar","22 jaar",13437
"Vlaams Gewest","Provincie Vlaams-Brabant","Van 20 tot 24 jaar","23 jaar",13554
"Vlaams Gewest","Provincie Vlaams-Brabant","Van 20 tot 24 jaar","24 jaar",13672
"Vlaams Gewest","Provincie Vlaams-Brabant","Van 25 tot 29 jaar","25 jaar",13599
"Vlaams Gewest","Provincie Vlaams-Brabant","Van 25 tot 29 jaar","26 jaar",13694
"Vlaams Gewest","Provincie Vlaams-Brabant","Van 25 tot 29 jaar","27 jaar",13635
"Vlaams Gewest","Provincie Vlaams-Brabant","Van 25 tot 29 jaar","28 jaar",13547
"Vlaams Gewest","Provincie Vlaams-Brabant","Van 25 tot 29 jaar","29 jaar",13394
"Vlaams Gewest","Provincie Vlaams-Brabant","Van 30 tot 34 jaar","30 jaar",13382
"Vlaams Gewest","Provincie Vlaams-Brabant","Van 30 tot 34 jaar","31 jaar",13457
"Vlaams Gewest","Provincie Vlaams-Brabant","Van 30 tot 34 jaar","32 jaar",13455
"Vlaams Gewest","Provincie Vlaams-Brabant","Van 30 tot 34 jaar","33 jaar",13284
"Vlaams Gewest","Provincie Vlaams-Brabant","Van 30 tot 34 jaar","34 jaar",13671
"Vlaams Gewest","Provincie Vlaams-Brabant","Van 35 tot 39 jaar","35 jaar",14212
"Vlaams Gewest","Provincie Vlaams-Brabant","Van 35 tot 39 jaar","36 jaar",14611
"Vlaams Gewest","Provincie Vlaams-Brabant","Van 35 tot 39 jaar","37 jaar",14765
"Vlaams Gewest","Provincie Vlaams-Brabant","Van 35 tot 39 jaar","38 jaar",15240
"Vlaams Gewest","Provincie Vlaams-Brabant","Van 35 tot 39 jaar","39 jaar",15136
"Vlaams Gewest","Provincie Vlaams-Brabant","Van 40 tot 44 jaar","40 jaar",14992
"Vlaams Gewest","Provincie Vlaams-Brabant","Van 40 tot 44 jaar","41 jaar",15142
"Vlaams Gewest","Provincie Vlaams-Brabant","Van 40 tot 44 jaar","42 jaar",14597
"Vlaams Gewest","Provincie Vlaams-Brabant","Van 40 tot 44 jaar","43 jaar",14367
"Vlaams Gewest","Provincie Vlaams-Brabant","Van 40 tot 44 jaar","44 jaar",14805
"Vlaams Gewest","Provincie Vlaams-Brabant","Van 45 tot 49 jaar","45 jaar",15224
"Vlaams Gewest","Provincie Vlaams-Brabant","Van 45 tot 49 jaar","46 jaar",15688
"Vlaams Gewest","Provincie Vlaams-Brabant","Van 45 tot 49 jaar","47 jaar",15802
"Vlaams Gewest","Provincie Vlaams-Brabant","Van 45 tot 49 jaar","48 jaar",16138
"Vlaams Gewest","Provincie Vlaams-Brabant","Van 45 tot 49 jaar","49 jaar",15996
"Vlaams Gewest","Provincie Vlaams-Brabant","Van 50 tot 54 jaar","50 jaar",16097
"Vlaams Gewest","Provincie Vlaams-Brabant","Van 50 tot 54 jaar","51 jaar",16126
"Vlaams Gewest","Provincie Vlaams-Brabant","Van 50 tot 54 jaar","52 jaar",16503
"Vlaams Gewest","Provincie Vlaams-Brabant","Van 50 tot 54 jaar","53 jaar",16934
"Vlaams Gewest","Provincie Vlaams-Brabant","Van 50 tot 54 jaar","54 jaar",17320
"Vlaams Gewest","Provincie Vlaams-Brabant","Van 55 tot 59 jaar","55 jaar",16999
"Vlaams Gewest","Provincie Vlaams-Brabant","Van 55 tot 59 jaar","56 jaar",16357
"Vlaams Gewest","Provincie Vlaams-Brabant","Van 55 tot 59 jaar","57 jaar",16180
"Vlaams Gewest","Provincie Vlaams-Brabant","Van 55 tot 59 jaar","58 jaar",16052
"Vlaams Gewest","Provincie Vlaams-Brabant","Van 55 tot 59 jaar","59 jaar",15769
"Vlaams Gewest","Provincie Vlaams-Brabant","Van 60 tot 64 jaar","60 jaar",15180
"Vlaams Gewest","Provincie Vlaams-Brabant","Van 60 tot 64 jaar","61 jaar",14987
"Vlaams Gewest","Provincie Vlaams-Brabant","Van 60 tot 64 jaar","62 jaar",14460
"Vlaams Gewest","Provincie Vlaams-Brabant","Van 60 tot 64 jaar","63 jaar",13966
"Vlaams Gewest","Provincie Vlaams-Brabant","Van 60 tot 64 jaar","64 jaar",13308
"Vlaams Gewest","Provincie Vlaams-Brabant","Van 65 tot 69 jaar","65 jaar",12907
"Vlaams Gewest","Provincie Vlaams-Brabant","Van 65 tot 69 jaar","66 jaar",12519
"Vlaams Gewest","Provincie Vlaams-Brabant","Van 65 tot 69 jaar","67 jaar",12025
"Vlaams Gewest","Provincie Vlaams-Brabant","Van 65 tot 69 jaar","68 jaar",11763
"Vlaams Gewest","Provincie Vlaams-Brabant","Van 65 tot 69 jaar","69 jaar",11493
"Vlaams Gewest","Provincie Vlaams-Brabant","Van 70 tot 74 jaar","70 jaar",11525
"Vlaams Gewest","Provincie Vlaams-Brabant","Van 70 tot 74 jaar","71 jaar",11097
"Vlaams Gewest","Provincie Vlaams-Brabant","Van 70 tot 74 jaar","72 jaar",11071
"Vlaams Gewest","Provincie Vlaams-Brabant","Van 70 tot 74 jaar","73 jaar",9732
"Vlaams Gewest","Provincie Vlaams-Brabant","Van 70 tot 74 jaar","74 jaar",9550
"Vlaams Gewest","Provincie Vlaams-Brabant","Van 75 tot 79 jaar","75 jaar",9117
"Vlaams Gewest","Provincie Vlaams-Brabant","Van 75 tot 79 jaar","76 jaar",7710
"Vlaams Gewest","Provincie Vlaams-Brabant","Van 75 tot 79 jaar","77 jaar",6793
"Vlaams Gewest","Provincie Vlaams-Brabant","Van 75 tot 79 jaar","78 jaar",7273
"Vlaams Gewest","Provincie Vlaams-Brabant","Van 75 tot 79 jaar","79 jaar",7616
"Vlaams Gewest","Provincie Vlaams-Brabant","Van 80 tot 84 jaar","80 jaar",7501
"Vlaams Gewest","Provincie Vlaams-Brabant","Van 80 tot 84 jaar","81 jaar",7318
"Vlaams Gewest","Provincie Vlaams-Brabant","Van 80 tot 84 jaar","82 jaar",6590
"Vlaams Gewest","Provincie Vlaams-Brabant","Van 80 tot 84 jaar","83 jaar",6217
"Vlaams Gewest","Provincie Vlaams-Brabant","Van 80 tot 84 jaar","84 jaar",6055
"Vlaams Gewest","Provincie Vlaams-Brabant","Van 85 tot 89 jaar","85 jaar",5627
"Vlaams Gewest","Provincie Vlaams-Brabant","Van 85 tot 89 jaar","86 jaar",5197
"Vlaams Gewest","Provincie Vlaams-Brabant","Van 85 tot 89 jaar","87 jaar",4691
"Vlaams Gewest","Provincie Vlaams-Brabant","Van 85 tot 89 jaar","88 jaar",4268
"Vlaams Gewest","Provincie Vlaams-Brabant","Van 85 tot 89 jaar","89 jaar",3307
"Vlaams Gewest","Provincie Vlaams-Brabant","Van 90 tot 94 jaar","90 jaar",2750
"Vlaams Gewest","Provincie Vlaams-Brabant","Van 90 tot 94 jaar","91 jaar",2285
"Vlaams Gewest","Provincie Vlaams-Brabant","Van 90 tot 94 jaar","92 jaar",1857
"Vlaams Gewest","Provincie Vlaams-Brabant","Van 90 tot 94 jaar","93 jaar",1411
"Vlaams Gewest","Provincie Vlaams-Brabant","Van 90 tot 94 jaar","94 jaar",1131
"Vlaams Gewest","Provincie Vlaams-Brabant","Van 95 tot 99 jaar","95 jaar",830
"Vlaams Gewest","Provincie Vlaams-Brabant","Van 95 tot 99 jaar","96 jaar",572
"Vlaams Gewest","Provincie Vlaams-Brabant","Van 95 tot 99 jaar","97 jaar",378
"Vlaams Gewest","Provincie Vlaams-Brabant","Van 95 tot 99 jaar","98 jaar",249
"Vlaams Gewest","Provincie Vlaams-Brabant","Van 95 tot 99 jaar","99 jaar",125
"Vlaams Gewest","Provincie Vlaams-Brabant","100 jaar en meer","100 jaar en meer",135
"Vlaams Gewest","Provincie West-Vlaanderen","Minder dan 5 jaar","Minder dan 1 jaar",11067
"Vlaams Gewest","Provincie West-Vlaanderen","Minder dan 5 jaar","1 jaar",10825
"Vlaams Gewest","Provincie West-Vlaanderen","Minder dan 5 jaar","2 jaar",11432
"Vlaams Gewest","Provincie West-Vlaanderen","Minder dan 5 jaar","3 jaar",11338
"Vlaams Gewest","Provincie West-Vlaanderen","Minder dan 5 jaar","4 jaar",11615
"Vlaams Gewest","Provincie West-Vlaanderen","Van 5 tot 9 jaar","5 jaar",11774
"Vlaams Gewest","Provincie West-Vlaanderen","Van 5 tot 9 jaar","6 jaar",12030
"Vlaams Gewest","Provincie West-Vlaanderen","Van 5 tot 9 jaar","7 jaar",12313
"Vlaams Gewest","Provincie West-Vlaanderen","Van 5 tot 9 jaar","8 jaar",12593
"Vlaams Gewest","Provincie West-Vlaanderen","Van 5 tot 9 jaar","9 jaar",12448
"Vlaams Gewest","Provincie West-Vlaanderen","Van 10 tot 14 jaar","10 jaar",12930
"Vlaams Gewest","Provincie West-Vlaanderen","Van 10 tot 14 jaar","11 jaar",12422
"Vlaams Gewest","Provincie West-Vlaanderen","Van 10 tot 14 jaar","12 jaar",12309
"Vlaams Gewest","Provincie West-Vlaanderen","Van 10 tot 14 jaar","13 jaar",12122
"Vlaams Gewest","Provincie West-Vlaanderen","Van 10 tot 14 jaar","14 jaar",11795
"Vlaams Gewest","Provincie West-Vlaanderen","Van 15 tot 19 jaar","15 jaar",11509
"Vlaams Gewest","Provincie West-Vlaanderen","Van 15 tot 19 jaar","16 jaar",11653
"Vlaams Gewest","Provincie West-Vlaanderen","Van 15 tot 19 jaar","17 jaar",11871
"Vlaams Gewest","Provincie West-Vlaanderen","Van 15 tot 19 jaar","18 jaar",12356
"Vlaams Gewest","Provincie West-Vlaanderen","Van 15 tot 19 jaar","19 jaar",12297
"Vlaams Gewest","Provincie West-Vlaanderen","Van 20 tot 24 jaar","20 jaar",12907
"Vlaams Gewest","Provincie West-Vlaanderen","Van 20 tot 24 jaar","21 jaar",13209
"Vlaams Gewest","Provincie West-Vlaanderen","Van 20 tot 24 jaar","22 jaar",13563
"Vlaams Gewest","Provincie West-Vlaanderen","Van 20 tot 24 jaar","23 jaar",13565
"Vlaams Gewest","Provincie West-Vlaanderen","Van 20 tot 24 jaar","24 jaar",13655
"Vlaams Gewest","Provincie West-Vlaanderen","Van 25 tot 29 jaar","25 jaar",14012
"Vlaams Gewest","Provincie West-Vlaanderen","Van 25 tot 29 jaar","26 jaar",14260
"Vlaams Gewest","Provincie West-Vlaanderen","Van 25 tot 29 jaar","27 jaar",14416
"Vlaams Gewest","Provincie West-Vlaanderen","Van 25 tot 29 jaar","28 jaar",14001
"Vlaams Gewest","Provincie West-Vlaanderen","Van 25 tot 29 jaar","29 jaar",13865
"Vlaams Gewest","Provincie West-Vlaanderen","Van 30 tot 34 jaar","30 jaar",13761
"Vlaams Gewest","Provincie West-Vlaanderen","Van 30 tot 34 jaar","31 jaar",13431
"Vlaams Gewest","Provincie West-Vlaanderen","Van 30 tot 34 jaar","32 jaar",13662
"Vlaams Gewest","Provincie West-Vlaanderen","Van 30 tot 34 jaar","33 jaar",13311
"Vlaams Gewest","Provincie West-Vlaanderen","Van 30 tot 34 jaar","34 jaar",13590
"Vlaams Gewest","Provincie West-Vlaanderen","Van 35 tot 39 jaar","35 jaar",13952
"Vlaams Gewest","Provincie West-Vlaanderen","Van 35 tot 39 jaar","36 jaar",14064
"Vlaams Gewest","Provincie West-Vlaanderen","Van 35 tot 39 jaar","37 jaar",14405
"Vlaams Gewest","Provincie West-Vlaanderen","Van 35 tot 39 jaar","38 jaar",14374
"Vlaams Gewest","Provincie West-Vlaanderen","Van 35 tot 39 jaar","39 jaar",14172
"Vlaams Gewest","Provincie West-Vlaanderen","Van 40 tot 44 jaar","40 jaar",14147
"Vlaams Gewest","Provincie West-Vlaanderen","Van 40 tot 44 jaar","41 jaar",14004
"Vlaams Gewest","Provincie West-Vlaanderen","Van 40 tot 44 jaar","42 jaar",13735
"Vlaams Gewest","Provincie West-Vlaanderen","Van 40 tot 44 jaar","43 jaar",13526
"Vlaams Gewest","Provincie West-Vlaanderen","Van 40 tot 44 jaar","44 jaar",14165
"Vlaams Gewest","Provincie West-Vlaanderen","Van 45 tot 49 jaar","45 jaar",14555
"Vlaams Gewest","Provincie West-Vlaanderen","Van 45 tot 49 jaar","46 jaar",15246
"Vlaams Gewest","Provincie West-Vlaanderen","Van 45 tot 49 jaar","47 jaar",15906
"Vlaams Gewest","Provincie West-Vlaanderen","Van 45 tot 49 jaar","48 jaar",16277
"Vlaams Gewest","Provincie West-Vlaanderen","Van 45 tot 49 jaar","49 jaar",16247
"Vlaams Gewest","Provincie West-Vlaanderen","Van 50 tot 54 jaar","50 jaar",16161
"Vlaams Gewest","Provincie West-Vlaanderen","Van 50 tot 54 jaar","51 jaar",16698
"Vlaams Gewest","Provincie West-Vlaanderen","Van 50 tot 54 jaar","52 jaar",17255
"Vlaams Gewest","Provincie West-Vlaanderen","Van 50 tot 54 jaar","53 jaar",17884
"Vlaams Gewest","Provincie West-Vlaanderen","Van 50 tot 54 jaar","54 jaar",18525
"Vlaams Gewest","Provincie West-Vlaanderen","Van 55 tot 59 jaar","55 jaar",17998
"Vlaams Gewest","Provincie West-Vlaanderen","Van 55 tot 59 jaar","56 jaar",17798
"Vlaams Gewest","Provincie West-Vlaanderen","Van 55 tot 59 jaar","57 jaar",17600
"Vlaams Gewest","Provincie West-Vlaanderen","Van 55 tot 59 jaar","58 jaar",17031
"Vlaams Gewest","Provincie West-Vlaanderen","Van 55 tot 59 jaar","59 jaar",16966
"Vlaams Gewest","Provincie West-Vlaanderen","Van 60 tot 64 jaar","60 jaar",16837
"Vlaams Gewest","Provincie West-Vlaanderen","Van 60 tot 64 jaar","61 jaar",16550
"Vlaams Gewest","Provincie West-Vlaanderen","Van 60 tot 64 jaar","62 jaar",16423
"Vlaams Gewest","Provincie West-Vlaanderen","Van 60 tot 64 jaar","63 jaar",16077
"Vlaams Gewest","Provincie West-Vlaanderen","Van 60 tot 64 jaar","64 jaar",15670
"Vlaams Gewest","Provincie West-Vlaanderen","Van 65 tot 69 jaar","65 jaar",15199
"Vlaams Gewest","Provincie West-Vlaanderen","Van 65 tot 69 jaar","66 jaar",15157
"Vlaams Gewest","Provincie West-Vlaanderen","Van 65 tot 69 jaar","67 jaar",14255
"Vlaams Gewest","Provincie West-Vlaanderen","Van 65 tot 69 jaar","68 jaar",14166
"Vlaams Gewest","Provincie West-Vlaanderen","Van 65 tot 69 jaar","69 jaar",14259
"Vlaams Gewest","Provincie West-Vlaanderen","Van 70 tot 74 jaar","70 jaar",14310
"Vlaams Gewest","Provincie West-Vlaanderen","Van 70 tot 74 jaar","71 jaar",13947
"Vlaams Gewest","Provincie West-Vlaanderen","Van 70 tot 74 jaar","72 jaar",14170
"Vlaams Gewest","Provincie West-Vlaanderen","Van 70 tot 74 jaar","73 jaar",12804
"Vlaams Gewest","Provincie West-Vlaanderen","Van 70 tot 74 jaar","74 jaar",12295
"Vlaams Gewest","Provincie West-Vlaanderen","Van 75 tot 79 jaar","75 jaar",11473
"Vlaams Gewest","Provincie West-Vlaanderen","Van 75 tot 79 jaar","76 jaar",9853
"Vlaams Gewest","Provincie West-Vlaanderen","Van 75 tot 79 jaar","77 jaar",9124
"Vlaams Gewest","Provincie West-Vlaanderen","Van 75 tot 79 jaar","78 jaar",9313
"Vlaams Gewest","Provincie West-Vlaanderen","Van 75 tot 79 jaar","79 jaar",10159
"Vlaams Gewest","Provincie West-Vlaanderen","Van 80 tot 84 jaar","80 jaar",9973
"Vlaams Gewest","Provincie West-Vlaanderen","Van 80 tot 84 jaar","81 jaar",9332
"Vlaams Gewest","Provincie West-Vlaanderen","Van 80 tot 84 jaar","82 jaar",8520
"Vlaams Gewest","Provincie West-Vlaanderen","Van 80 tot 84 jaar","83 jaar",7934
"Vlaams Gewest","Provincie West-Vlaanderen","Van 80 tot 84 jaar","84 jaar",7535
"Vlaams Gewest","Provincie West-Vlaanderen","Van 85 tot 89 jaar","85 jaar",6938
"Vlaams Gewest","Provincie West-Vlaanderen","Van 85 tot 89 jaar","86 jaar",6565
"Vlaams Gewest","Provincie West-Vlaanderen","Van 85 tot 89 jaar","87 jaar",5925
"Vlaams Gewest","Provincie West-Vlaanderen","Van 85 tot 89 jaar","88 jaar",5150
"Vlaams Gewest","Provincie West-Vlaanderen","Van 85 tot 89 jaar","89 jaar",4290
"Vlaams Gewest","Provincie West-Vlaanderen","Van 90 tot 94 jaar","90 jaar",3473
"Vlaams Gewest","Provincie West-Vlaanderen","Van 90 tot 94 jaar","91 jaar",2816
"Vlaams Gewest","Provincie West-Vlaanderen","Van 90 tot 94 jaar","92 jaar",2366
"Vlaams Gewest","Provincie West-Vlaanderen","Van 90 tot 94 jaar","93 jaar",1912
"Vlaams Gewest","Provincie West-Vlaanderen","Van 90 tot 94 jaar","94 jaar",1434
"Vlaams Gewest","Provincie West-Vlaanderen","Van 95 tot 99 jaar","95 jaar",1055
"Vlaams Gewest","Provincie West-Vlaanderen","Van 95 tot 99 jaar","96 jaar",761
"Vlaams Gewest","Provincie West-Vlaanderen","Van 95 tot 99 jaar","97 jaar",481
"Vlaams Gewest","Provincie West-Vlaanderen","Van 95 tot 99 jaar","98 jaar",325
"Vlaams Gewest","Provincie West-Vlaanderen","Van 95 tot 99 jaar","99 jaar",170
"Vlaams Gewest","Provincie West-Vlaanderen","100 jaar en meer","100 jaar en meer",202
"Vlaams Gewest","Provincie Oost-Vlaanderen","Minder dan 5 jaar","Minder dan 1 jaar",14856
"Vlaams Gewest","Provincie Oost-Vlaanderen","Minder dan 5 jaar","1 jaar",14928
"Vlaams Gewest","Provincie Oost-Vlaanderen","Minder dan 5 jaar","2 jaar",15522
"Vlaams Gewest","Provincie Oost-Vlaanderen","Minder dan 5 jaar","3 jaar",15919
"Vlaams Gewest","Provincie Oost-Vlaanderen","Minder dan 5 jaar","4 jaar",16148
"Vlaams Gewest","Provincie Oost-Vlaanderen","Van 5 tot 9 jaar","5 jaar",16301
"Vlaams Gewest","Provincie Oost-Vlaanderen","Van 5 tot 9 jaar","6 jaar",16789
"Vlaams Gewest","Provincie Oost-Vlaanderen","Van 5 tot 9 jaar","7 jaar",17281
"Vlaams Gewest","Provincie Oost-Vlaanderen","Van 5 tot 9 jaar","8 jaar",17292
"Vlaams Gewest","Provincie Oost-Vlaanderen","Van 5 tot 9 jaar","9 jaar",17501
"Vlaams Gewest","Provincie Oost-Vlaanderen","Van 10 tot 14 jaar","10 jaar",17730
"Vlaams Gewest","Provincie Oost-Vlaanderen","Van 10 tot 14 jaar","11 jaar",17069
"Vlaams Gewest","Provincie Oost-Vlaanderen","Van 10 tot 14 jaar","12 jaar",17147
"Vlaams Gewest","Provincie Oost-Vlaanderen","Van 10 tot 14 jaar","13 jaar",16573
"Vlaams Gewest","Provincie Oost-Vlaanderen","Van 10 tot 14 jaar","14 jaar",16415
"Vlaams Gewest","Provincie Oost-Vlaanderen","Van 15 tot 19 jaar","15 jaar",15545
"Vlaams Gewest","Provincie Oost-Vlaanderen","Van 15 tot 19 jaar","16 jaar",15362
"Vlaams Gewest","Provincie Oost-Vlaanderen","Van 15 tot 19 jaar","17 jaar",15671
"Vlaams Gewest","Provincie Oost-Vlaanderen","Van 15 tot 19 jaar","18 jaar",16229
"Vlaams Gewest","Provincie Oost-Vlaanderen","Van 15 tot 19 jaar","19 jaar",16105
"Vlaams Gewest","Provincie Oost-Vlaanderen","Van 20 tot 24 jaar","20 jaar",16345
"Vlaams Gewest","Provincie Oost-Vlaanderen","Van 20 tot 24 jaar","21 jaar",17006
"Vlaams Gewest","Provincie Oost-Vlaanderen","Van 20 tot 24 jaar","22 jaar",17077
"Vlaams Gewest","Provincie Oost-Vlaanderen","Van 20 tot 24 jaar","23 jaar",17482
"Vlaams Gewest","Provincie Oost-Vlaanderen","Van 20 tot 24 jaar","24 jaar",17908
"Vlaams Gewest","Provincie Oost-Vlaanderen","Van 25 tot 29 jaar","25 jaar",19104
"Vlaams Gewest","Provincie Oost-Vlaanderen","Van 25 tot 29 jaar","26 jaar",19625
"Vlaams Gewest","Provincie Oost-Vlaanderen","Van 25 tot 29 jaar","27 jaar",20019
"Vlaams Gewest","Provincie Oost-Vlaanderen","Van 25 tot 29 jaar","28 jaar",19926
"Vlaams Gewest","Provincie Oost-Vlaanderen","Van 25 tot 29 jaar","29 jaar",19383
"Vlaams Gewest","Provincie Oost-Vlaanderen","Van 30 tot 34 jaar","30 jaar",19297
"Vlaams Gewest","Provincie Oost-Vlaanderen","Van 30 tot 34 jaar","31 jaar",19052
"Vlaams Gewest","Provincie Oost-Vlaanderen","Van 30 tot 34 jaar","32 jaar",19092
"Vlaams Gewest","Provincie Oost-Vlaanderen","Van 30 tot 34 jaar","33 jaar",18675
"Vlaams Gewest","Provincie Oost-Vlaanderen","Van 30 tot 34 jaar","34 jaar",18963
"Vlaams Gewest","Provincie Oost-Vlaanderen","Van 35 tot 39 jaar","35 jaar",19343
"Vlaams Gewest","Provincie Oost-Vlaanderen","Van 35 tot 39 jaar","36 jaar",19760
"Vlaams Gewest","Provincie Oost-Vlaanderen","Van 35 tot 39 jaar","37 jaar",20356
"Vlaams Gewest","Provincie Oost-Vlaanderen","Van 35 tot 39 jaar","38 jaar",20361
"Vlaams Gewest","Provincie Oost-Vlaanderen","Van 35 tot 39 jaar","39 jaar",20459
"Vlaams Gewest","Provincie Oost-Vlaanderen","Van 40 tot 44 jaar","40 jaar",20450
"Vlaams Gewest","Provincie Oost-Vlaanderen","Van 40 tot 44 jaar","41 jaar",19497
"Vlaams Gewest","Provincie Oost-Vlaanderen","Van 40 tot 44 jaar","42 jaar",19584
"Vlaams Gewest","Provincie Oost-Vlaanderen","Van 40 tot 44 jaar","43 jaar",18932
"Vlaams Gewest","Provincie Oost-Vlaanderen","Van 40 tot 44 jaar","44 jaar",19314
"Vlaams Gewest","Provincie Oost-Vlaanderen","Van 45 tot 49 jaar","45 jaar",19623
"Vlaams Gewest","Provincie Oost-Vlaanderen","Van 45 tot 49 jaar","46 jaar",20562
"Vlaams Gewest","Provincie Oost-Vlaanderen","Van 45 tot 49 jaar","47 jaar",21259
"Vlaams Gewest","Provincie Oost-Vlaanderen","Van 45 tot 49 jaar","48 jaar",21362
"Vlaams Gewest","Provincie Oost-Vlaanderen","Van 45 tot 49 jaar","49 jaar",21087
"Vlaams Gewest","Provincie Oost-Vlaanderen","Van 50 tot 54 jaar","50 jaar",21310
"Vlaams Gewest","Provincie Oost-Vlaanderen","Van 50 tot 54 jaar","51 jaar",21414
"Vlaams Gewest","Provincie Oost-Vlaanderen","Van 50 tot 54 jaar","52 jaar",21581
"Vlaams Gewest","Provincie Oost-Vlaanderen","Van 50 tot 54 jaar","53 jaar",21842
"Vlaams Gewest","Provincie Oost-Vlaanderen","Van 50 tot 54 jaar","54 jaar",22656
"Vlaams Gewest","Provincie Oost-Vlaanderen","Van 55 tot 59 jaar","55 jaar",22116
"Vlaams Gewest","Provincie Oost-Vlaanderen","Van 55 tot 59 jaar","56 jaar",21607
"Vlaams Gewest","Provincie Oost-Vlaanderen","Van 55 tot 59 jaar","57 jaar",21109
"Vlaams Gewest","Provincie Oost-Vlaanderen","Van 55 tot 59 jaar","58 jaar",20614
"Vlaams Gewest","Provincie Oost-Vlaanderen","Van 55 tot 59 jaar","59 jaar",20509
"Vlaams Gewest","Provincie Oost-Vlaanderen","Van 60 tot 64 jaar","60 jaar",20047
"Vlaams Gewest","Provincie Oost-Vlaanderen","Van 60 tot 64 jaar","61 jaar",19385
"Vlaams Gewest","Provincie Oost-Vlaanderen","Van 60 tot 64 jaar","62 jaar",18772
"Vlaams Gewest","Provincie Oost-Vlaanderen","Van 60 tot 64 jaar","63 jaar",18219
"Vlaams Gewest","Provincie Oost-Vlaanderen","Van 60 tot 64 jaar","64 jaar",17730
"Vlaams Gewest","Provincie Oost-Vlaanderen","Van 65 tot 69 jaar","65 jaar",16835
"Vlaams Gewest","Provincie Oost-Vlaanderen","Van 65 tot 69 jaar","66 jaar",16743
"Vlaams Gewest","Provincie Oost-Vlaanderen","Van 65 tot 69 jaar","67 jaar",16244
"Vlaams Gewest","Provincie Oost-Vlaanderen","Van 65 tot 69 jaar","68 jaar",15916
"Vlaams Gewest","Provincie Oost-Vlaanderen","Van 65 tot 69 jaar","69 jaar",15792
"Vlaams Gewest","Provincie Oost-Vlaanderen","Van 70 tot 74 jaar","70 jaar",15642
"Vlaams Gewest","Provincie Oost-Vlaanderen","Van 70 tot 74 jaar","71 jaar",15264
"Vlaams Gewest","Provincie Oost-Vlaanderen","Van 70 tot 74 jaar","72 jaar",15475
"Vlaams Gewest","Provincie Oost-Vlaanderen","Van 70 tot 74 jaar","73 jaar",13427
"Vlaams Gewest","Provincie Oost-Vlaanderen","Van 70 tot 74 jaar","74 jaar",13206
"Vlaams Gewest","Provincie Oost-Vlaanderen","Van 75 tot 79 jaar","75 jaar",12286
"Vlaams Gewest","Provincie Oost-Vlaanderen","Van 75 tot 79 jaar","76 jaar",10176
"Vlaams Gewest","Provincie Oost-Vlaanderen","Van 75 tot 79 jaar","77 jaar",8739
"Vlaams Gewest","Provincie Oost-Vlaanderen","Van 75 tot 79 jaar","78 jaar",9792
"Vlaams Gewest","Provincie Oost-Vlaanderen","Van 75 tot 79 jaar","79 jaar",10731
"Vlaams Gewest","Provincie Oost-Vlaanderen","Van 80 tot 84 jaar","80 jaar",10616
"Vlaams Gewest","Provincie Oost-Vlaanderen","Van 80 tot 84 jaar","81 jaar",9692
"Vlaams Gewest","Provincie Oost-Vlaanderen","Van 80 tot 84 jaar","82 jaar",9208
"Vlaams Gewest","Provincie Oost-Vlaanderen","Van 80 tot 84 jaar","83 jaar",8516
"Vlaams Gewest","Provincie Oost-Vlaanderen","Van 80 tot 84 jaar","84 jaar",8293
"Vlaams Gewest","Provincie Oost-Vlaanderen","Van 85 tot 89 jaar","85 jaar",7716
"Vlaams Gewest","Provincie Oost-Vlaanderen","Van 85 tot 89 jaar","86 jaar",6972
"Vlaams Gewest","Provincie Oost-Vlaanderen","Van 85 tot 89 jaar","87 jaar",6427
"Vlaams Gewest","Provincie Oost-Vlaanderen","Van 85 tot 89 jaar","88 jaar",5525
"Vlaams Gewest","Provincie Oost-Vlaanderen","Van 85 tot 89 jaar","89 jaar",4304
"Vlaams Gewest","Provincie Oost-Vlaanderen","Van 90 tot 94 jaar","90 jaar",3655
"Vlaams Gewest","Provincie Oost-Vlaanderen","Van 90 tot 94 jaar","91 jaar",2946
"Vlaams Gewest","Provincie Oost-Vlaanderen","Van 90 tot 94 jaar","92 jaar",2313
"Vlaams Gewest","Provincie Oost-Vlaanderen","Van 90 tot 94 jaar","93 jaar",1902
"Vlaams Gewest","Provincie Oost-Vlaanderen","Van 90 tot 94 jaar","94 jaar",1437
"Vlaams Gewest","Provincie Oost-Vlaanderen","Van 95 tot 99 jaar","95 jaar",1052
"Vlaams Gewest","Provincie Oost-Vlaanderen","Van 95 tot 99 jaar","96 jaar",752
"Vlaams Gewest","Provincie Oost-Vlaanderen","Van 95 tot 99 jaar","97 jaar",550
"Vlaams Gewest","Provincie Oost-Vlaanderen","Van 95 tot 99 jaar","98 jaar",358
"Vlaams Gewest","Provincie Oost-Vlaanderen","Van 95 tot 99 jaar","99 jaar",172
"Vlaams Gewest","Provincie Oost-Vlaanderen","100 jaar en meer","100 jaar en meer",193
"Vlaams Gewest","Provincie Limburg","Minder dan 5 jaar","Minder dan 1 jaar",7728
"Vlaams Gewest","Provincie Limburg","Minder dan 5 jaar","1 jaar",8127
"Vlaams Gewest","Provincie Limburg","Minder dan 5 jaar","2 jaar",8484
"Vlaams Gewest","Provincie Limburg","Minder dan 5 jaar","3 jaar",8533
"Vlaams Gewest","Provincie Limburg","Minder dan 5 jaar","4 jaar",8923
"Vlaams Gewest","Provincie Limburg","Van 5 tot 9 jaar","5 jaar",8989
"Vlaams Gewest","Provincie Limburg","Van 5 tot 9 jaar","6 jaar",9315
"Vlaams Gewest","Provincie Limburg","Van 5 tot 9 jaar","7 jaar",9590
"Vlaams Gewest","Provincie Limburg","Van 5 tot 9 jaar","8 jaar",9638
"Vlaams Gewest","Provincie Limburg","Van 5 tot 9 jaar","9 jaar",9592
"Vlaams Gewest","Provincie Limburg","Van 10 tot 14 jaar","10 jaar",9619
"Vlaams Gewest","Provincie Limburg","Van 10 tot 14 jaar","11 jaar",9489
"Vlaams Gewest","Provincie Limburg","Van 10 tot 14 jaar","12 jaar",9211
"Vlaams Gewest","Provincie Limburg","Van 10 tot 14 jaar","13 jaar",9011
"Vlaams Gewest","Provincie Limburg","Van 10 tot 14 jaar","14 jaar",8989
"Vlaams Gewest","Provincie Limburg","Van 15 tot 19 jaar","15 jaar",8599
"Vlaams Gewest","Provincie Limburg","Van 15 tot 19 jaar","16 jaar",8808
"Vlaams Gewest","Provincie Limburg","Van 15 tot 19 jaar","17 jaar",8939
"Vlaams Gewest","Provincie Limburg","Van 15 tot 19 jaar","18 jaar",9072
"Vlaams Gewest","Provincie Limburg","Van 15 tot 19 jaar","19 jaar",9114
"Vlaams Gewest","Provincie Limburg","Van 20 tot 24 jaar","20 jaar",9097
"Vlaams Gewest","Provincie Limburg","Van 20 tot 24 jaar","21 jaar",9573
"Vlaams Gewest","Provincie Limburg","Van 20 tot 24 jaar","22 jaar",9410
"Vlaams Gewest","Provincie Limburg","Van 20 tot 24 jaar","23 jaar",9507
"Vlaams Gewest","Provincie Limburg","Van 20 tot 24 jaar","24 jaar",9416
"Vlaams Gewest","Provincie Limburg","Van 25 tot 29 jaar","25 jaar",9963
"Vlaams Gewest","Provincie Limburg","Van 25 tot 29 jaar","26 jaar",10365
"Vlaams Gewest","Provincie Limburg","Van 25 tot 29 jaar","27 jaar",10575
"Vlaams Gewest","Provincie Limburg","Van 25 tot 29 jaar","28 jaar",10485
"Vlaams Gewest","Provincie Limburg","Van 25 tot 29 jaar","29 jaar",10271
"Vlaams Gewest","Provincie Limburg","Van 30 tot 34 jaar","30 jaar",10271
"Vlaams Gewest","Provincie Limburg","Van 30 tot 34 jaar","31 jaar",10208
"Vlaams Gewest","Provincie Limburg","Van 30 tot 34 jaar","32 jaar",10464
"Vlaams Gewest","Provincie Limburg","Van 30 tot 34 jaar","33 jaar",10463
"Vlaams Gewest","Provincie Limburg","Van 30 tot 34 jaar","34 jaar",10588
"Vlaams Gewest","Provincie Limburg","Van 35 tot 39 jaar","35 jaar",10864
"Vlaams Gewest","Provincie Limburg","Van 35 tot 39 jaar","36 jaar",11450
"Vlaams Gewest","Provincie Limburg","Van 35 tot 39 jaar","37 jaar",11811
"Vlaams Gewest","Provincie Limburg","Van 35 tot 39 jaar","38 jaar",11640
"Vlaams Gewest","Provincie Limburg","Van 35 tot 39 jaar","39 jaar",11914
"Vlaams Gewest","Provincie Limburg","Van 40 tot 44 jaar","40 jaar",11502
"Vlaams Gewest","Provincie Limburg","Van 40 tot 44 jaar","41 jaar",11446
"Vlaams Gewest","Provincie Limburg","Van 40 tot 44 jaar","42 jaar",11099
"Vlaams Gewest","Provincie Limburg","Van 40 tot 44 jaar","43 jaar",10463
"Vlaams Gewest","Provincie Limburg","Van 40 tot 44 jaar","44 jaar",10964
"Vlaams Gewest","Provincie Limburg","Van 45 tot 49 jaar","45 jaar",10946
"Vlaams Gewest","Provincie Limburg","Van 45 tot 49 jaar","46 jaar",11486
"Vlaams Gewest","Provincie Limburg","Van 45 tot 49 jaar","47 jaar",11693
"Vlaams Gewest","Provincie Limburg","Van 45 tot 49 jaar","48 jaar",12399
"Vlaams Gewest","Provincie Limburg","Van 45 tot 49 jaar","49 jaar",12410
"Vlaams Gewest","Provincie Limburg","Van 50 tot 54 jaar","50 jaar",12323
"Vlaams Gewest","Provincie Limburg","Van 50 tot 54 jaar","51 jaar",12681
"Vlaams Gewest","Provincie Limburg","Van 50 tot 54 jaar","52 jaar",13194
"Vlaams Gewest","Provincie Limburg","Van 50 tot 54 jaar","53 jaar",13437
"Vlaams Gewest","Provincie Limburg","Van 50 tot 54 jaar","54 jaar",14067
"Vlaams Gewest","Provincie Limburg","Van 55 tot 59 jaar","55 jaar",13788
"Vlaams Gewest","Provincie Limburg","Van 55 tot 59 jaar","56 jaar",13768
"Vlaams Gewest","Provincie Limburg","Van 55 tot 59 jaar","57 jaar",13605
"Vlaams Gewest","Provincie Limburg","Van 55 tot 59 jaar","58 jaar",13337
"Vlaams Gewest","Provincie Limburg","Van 55 tot 59 jaar","59 jaar",13477
"Vlaams Gewest","Provincie Limburg","Van 60 tot 64 jaar","60 jaar",13003
"Vlaams Gewest","Provincie Limburg","Van 60 tot 64 jaar","61 jaar",12586
"Vlaams Gewest","Provincie Limburg","Van 60 tot 64 jaar","62 jaar",12008
"Vlaams Gewest","Provincie Limburg","Van 60 tot 64 jaar","63 jaar",11980
"Vlaams Gewest","Provincie Limburg","Van 60 tot 64 jaar","64 jaar",11645
"Vlaams Gewest","Provincie Limburg","Van 65 tot 69 jaar","65 jaar",11196
"Vlaams Gewest","Provincie Limburg","Van 65 tot 69 jaar","66 jaar",10979
"Vlaams Gewest","Provincie Limburg","Van 65 tot 69 jaar","67 jaar",10437
"Vlaams Gewest","Provincie Limburg","Van 65 tot 69 jaar","68 jaar",10120
"Vlaams Gewest","Provincie Limburg","Van 65 tot 69 jaar","69 jaar",9891
"Vlaams Gewest","Provincie Limburg","Van 70 tot 74 jaar","70 jaar",9713
"Vlaams Gewest","Provincie Limburg","Van 70 tot 74 jaar","71 jaar",9138
"Vlaams Gewest","Provincie Limburg","Van 70 tot 74 jaar","72 jaar",8699
"Vlaams Gewest","Provincie Limburg","Van 70 tot 74 jaar","73 jaar",7867
"Vlaams Gewest","Provincie Limburg","Van 70 tot 74 jaar","74 jaar",7254
"Vlaams Gewest","Provincie Limburg","Van 75 tot 79 jaar","75 jaar",7088
"Vlaams Gewest","Provincie Limburg","Van 75 tot 79 jaar","76 jaar",6355
"Vlaams Gewest","Provincie Limburg","Van 75 tot 79 jaar","77 jaar",5602
"Vlaams Gewest","Provincie Limburg","Van 75 tot 79 jaar","78 jaar",6140
"Vlaams Gewest","Provincie Limburg","Van 75 tot 79 jaar","79 jaar",6280
"Vlaams Gewest","Provincie Limburg","Van 80 tot 84 jaar","80 jaar",6212
"Vlaams Gewest","Provincie Limburg","Van 80 tot 84 jaar","81 jaar",5765
"Vlaams Gewest","Provincie Limburg","Van 80 tot 84 jaar","82 jaar",5170
"Vlaams Gewest","Provincie Limburg","Van 80 tot 84 jaar","83 jaar",4812
"Vlaams Gewest","Provincie Limburg","Van 80 tot 84 jaar","84 jaar",4544
"Vlaams Gewest","Provincie Limburg","Van 85 tot 89 jaar","85 jaar",4047
"Vlaams Gewest","Provincie Limburg","Van 85 tot 89 jaar","86 jaar",3711
"Vlaams Gewest","Provincie Limburg","Van 85 tot 89 jaar","87 jaar",3177
"Vlaams Gewest","Provincie Limburg","Van 85 tot 89 jaar","88 jaar",2854
"Vlaams Gewest","Provincie Limburg","Van 85 tot 89 jaar","89 jaar",2246
"Vlaams Gewest","Provincie Limburg","Van 90 tot 94 jaar","90 jaar",1875
"Vlaams Gewest","Provincie Limburg","Van 90 tot 94 jaar","91 jaar",1493
"Vlaams Gewest","Provincie Limburg","Van 90 tot 94 jaar","92 jaar",1124
"Vlaams Gewest","Provincie Limburg","Van 90 tot 94 jaar","93 jaar",885
"Vlaams Gewest","Provincie Limburg","Van 90 tot 94 jaar","94 jaar",673
"Vlaams Gewest","Provincie Limburg","Van 95 tot 99 jaar","95 jaar",509
"Vlaams Gewest","Provincie Limburg","Van 95 tot 99 jaar","96 jaar",312
"Vlaams Gewest","Provincie Limburg","Van 95 tot 99 jaar","97 jaar",200
"Vlaams Gewest","Provincie Limburg","Van 95 tot 99 jaar","98 jaar",129
"Vlaams Gewest","Provincie Limburg","Van 95 tot 99 jaar","99 jaar",74
"Vlaams Gewest","Provincie Limburg","100 jaar en meer","100 jaar en meer",65
"Brussels Hoofdstedelijk Gewest",,"Minder dan 5 jaar","Minder dan 1 jaar",17041
"Brussels Hoofdstedelijk Gewest",,"Minder dan 5 jaar","1 jaar",17071
"Brussels Hoofdstedelijk Gewest",,"Minder dan 5 jaar","2 jaar",16845
"Brussels Hoofdstedelijk Gewest",,"Minder dan 5 jaar","3 jaar",16817
"Brussels Hoofdstedelijk Gewest",,"Minder dan 5 jaar","4 jaar",16838
"Brussels Hoofdstedelijk Gewest",,"Van 5 tot 9 jaar","5 jaar",16302
"Brussels Hoofdstedelijk Gewest",,"Van 5 tot 9 jaar","6 jaar",16462
"Brussels Hoofdstedelijk Gewest",,"Van 5 tot 9 jaar","7 jaar",16048
"Brussels Hoofdstedelijk Gewest",,"Van 5 tot 9 jaar","8 jaar",16319
"Brussels Hoofdstedelijk Gewest",,"Van 5 tot 9 jaar","9 jaar",15788
"Brussels Hoofdstedelijk Gewest",,"Van 10 tot 14 jaar","10 jaar",15202
"Brussels Hoofdstedelijk Gewest",,"Van 10 tot 14 jaar","11 jaar",14942
"Brussels Hoofdstedelijk Gewest",,"Van 10 tot 14 jaar","12 jaar",14376
"Brussels Hoofdstedelijk Gewest",,"Van 10 tot 14 jaar","13 jaar",13922
"Brussels Hoofdstedelijk Gewest",,"Van 10 tot 14 jaar","14 jaar",13610
"Brussels Hoofdstedelijk Gewest",,"Van 15 tot 19 jaar","15 jaar",13114
"Brussels Hoofdstedelijk Gewest",,"Van 15 tot 19 jaar","16 jaar",12725
"Brussels Hoofdstedelijk Gewest",,"Van 15 tot 19 jaar","17 jaar",12754
"Brussels Hoofdstedelijk Gewest",,"Van 15 tot 19 jaar","18 jaar",13273
"Brussels Hoofdstedelijk Gewest",,"Van 15 tot 19 jaar","19 jaar",13724
"Brussels Hoofdstedelijk Gewest",,"Van 20 tot 24 jaar","20 jaar",13605
"Brussels Hoofdstedelijk Gewest",,"Van 20 tot 24 jaar","21 jaar",14451
"Brussels Hoofdstedelijk Gewest",,"Van 20 tot 24 jaar","22 jaar",14967
"Brussels Hoofdstedelijk Gewest",,"Van 20 tot 24 jaar","23 jaar",15855
"Brussels Hoofdstedelijk Gewest",,"Van 20 tot 24 jaar","24 jaar",17279
"Brussels Hoofdstedelijk Gewest",,"Van 25 tot 29 jaar","25 jaar",19128
"Brussels Hoofdstedelijk Gewest",,"Van 25 tot 29 jaar","26 jaar",20455
"Brussels Hoofdstedelijk Gewest",,"Van 25 tot 29 jaar","27 jaar",21094
"Brussels Hoofdstedelijk Gewest",,"Van 25 tot 29 jaar","28 jaar",21585
"Brussels Hoofdstedelijk Gewest",,"Van 25 tot 29 jaar","29 jaar",21484
"Brussels Hoofdstedelijk Gewest",,"Van 30 tot 34 jaar","30 jaar",21519
"Brussels Hoofdstedelijk Gewest",,"Van 30 tot 34 jaar","31 jaar",20941
"Brussels Hoofdstedelijk Gewest",,"Van 30 tot 34 jaar","32 jaar",20488
"Brussels Hoofdstedelijk Gewest",,"Van 30 tot 34 jaar","33 jaar",20015
"Brussels Hoofdstedelijk Gewest",,"Van 30 tot 34 jaar","34 jaar",19889
"Brussels Hoofdstedelijk Gewest",,"Van 35 tot 39 jaar","35 jaar",19180
"Brussels Hoofdstedelijk Gewest",,"Van 35 tot 39 jaar","36 jaar",19564
"Brussels Hoofdstedelijk Gewest",,"Van 35 tot 39 jaar","37 jaar",19049
"Brussels Hoofdstedelijk Gewest",,"Van 35 tot 39 jaar","38 jaar",19694
"Brussels Hoofdstedelijk Gewest",,"Van 35 tot 39 jaar","39 jaar",18900
"Brussels Hoofdstedelijk Gewest",,"Van 40 tot 44 jaar","40 jaar",18768
"Brussels Hoofdstedelijk Gewest",,"Van 40 tot 44 jaar","41 jaar",18306
"Brussels Hoofdstedelijk Gewest",,"Van 40 tot 44 jaar","42 jaar",17902
"Brussels Hoofdstedelijk Gewest",,"Van 40 tot 44 jaar","43 jaar",17197
"Brussels Hoofdstedelijk Gewest",,"Van 40 tot 44 jaar","44 jaar",17409
"Brussels Hoofdstedelijk Gewest",,"Van 45 tot 49 jaar","45 jaar",16958
"Brussels Hoofdstedelijk Gewest",,"Van 45 tot 49 jaar","46 jaar",16716
"Brussels Hoofdstedelijk Gewest",,"Van 45 tot 49 jaar","47 jaar",16310
"Brussels Hoofdstedelijk Gewest",,"Van 45 tot 49 jaar","48 jaar",16574
"Brussels Hoofdstedelijk Gewest",,"Van 45 tot 49 jaar","49 jaar",16124
"Brussels Hoofdstedelijk Gewest",,"Van 50 tot 54 jaar","50 jaar",15766
"Brussels Hoofdstedelijk Gewest",,"Van 50 tot 54 jaar","51 jaar",14913
"Brussels Hoofdstedelijk Gewest",,"Van 50 tot 54 jaar","52 jaar",14850
"Brussels Hoofdstedelijk Gewest",,"Van 50 tot 54 jaar","53 jaar",14588
"Brussels Hoofdstedelijk Gewest",,"Van 50 tot 54 jaar","54 jaar",14458
"Brussels Hoofdstedelijk Gewest",,"Van 55 tot 59 jaar","55 jaar",13798
"Brussels Hoofdstedelijk Gewest",,"Van 55 tot 59 jaar","56 jaar",13417
"Brussels Hoofdstedelijk Gewest",,"Van 55 tot 59 jaar","57 jaar",13106
"Brussels Hoofdstedelijk Gewest",,"Van 55 tot 59 jaar","58 jaar",13210
"Brussels Hoofdstedelijk Gewest",,"Van 55 tot 59 jaar","59 jaar",12446
"Brussels Hoofdstedelijk Gewest",,"Van 60 tot 64 jaar","60 jaar",11831
"Brussels Hoofdstedelijk Gewest",,"Van 60 tot 64 jaar","61 jaar",11118
"Brussels Hoofdstedelijk Gewest",,"Van 60 tot 64 jaar","62 jaar",11113
"Brussels Hoofdstedelijk Gewest",,"Van 60 tot 64 jaar","63 jaar",10589
"Brussels Hoofdstedelijk Gewest",,"Van 60 tot 64 jaar","64 jaar",10091
"Brussels Hoofdstedelijk Gewest",,"Van 65 tot 69 jaar","65 jaar",9677
"Brussels Hoofdstedelijk Gewest",,"Van 65 tot 69 jaar","66 jaar",9465
"Brussels Hoofdstedelijk Gewest",,"Van 65 tot 69 jaar","67 jaar",8488
"Brussels Hoofdstedelijk Gewest",,"Van 65 tot 69 jaar","68 jaar",8721
"Brussels Hoofdstedelijk Gewest",,"Van 65 tot 69 jaar","69 jaar",8171
"Brussels Hoofdstedelijk Gewest",,"Van 70 tot 74 jaar","70 jaar",8128
"Brussels Hoofdstedelijk Gewest",,"Van 70 tot 74 jaar","71 jaar",7963
"Brussels Hoofdstedelijk Gewest",,"Van 70 tot 74 jaar","72 jaar",7752
"Brussels Hoofdstedelijk Gewest",,"Van 70 tot 74 jaar","73 jaar",6721
"Brussels Hoofdstedelijk Gewest",,"Van 70 tot 74 jaar","74 jaar",6826
"Brussels Hoofdstedelijk Gewest",,"Van 75 tot 79 jaar","75 jaar",6226
"Brussels Hoofdstedelijk Gewest",,"Van 75 tot 79 jaar","76 jaar",5674
"Brussels Hoofdstedelijk Gewest",,"Van 75 tot 79 jaar","77 jaar",4706
"Brussels Hoofdstedelijk Gewest",,"Van 75 tot 79 jaar","78 jaar",5476
"Brussels Hoofdstedelijk Gewest",,"Van 75 tot 79 jaar","79 jaar",5258
"Brussels Hoofdstedelijk Gewest",,"Van 80 tot 84 jaar","80 jaar",5072
"Brussels Hoofdstedelijk Gewest",,"Van 80 tot 84 jaar","81 jaar",4663
"Brussels Hoofdstedelijk Gewest",,"Van 80 tot 84 jaar","82 jaar",4571
"Brussels Hoofdstedelijk Gewest",,"Van 80 tot 84 jaar","83 jaar",4306
"Brussels Hoofdstedelijk Gewest",,"Van 80 tot 84 jaar","84 jaar",4076
"Brussels Hoofdstedelijk Gewest",,"Van 85 tot 89 jaar","85 jaar",3716
"Brussels Hoofdstedelijk Gewest",,"Van 85 tot 89 jaar","86 jaar",3532
"Brussels Hoofdstedelijk Gewest",,"Van 85 tot 89 jaar","87 jaar",3225
"Brussels Hoofdstedelijk Gewest",,"Van 85 tot 89 jaar","88 jaar",3167
"Brussels Hoofdstedelijk Gewest",,"Van 85 tot 89 jaar","89 jaar",2630
"Brussels Hoofdstedelijk Gewest",,"Van 90 tot 94 jaar","90 jaar",2289
"Brussels Hoofdstedelijk Gewest",,"Van 90 tot 94 jaar","91 jaar",1846
"Brussels Hoofdstedelijk Gewest",,"Van 90 tot 94 jaar","92 jaar",1575
"Brussels Hoofdstedelijk Gewest",,"Van 90 tot 94 jaar","93 jaar",1304
"Brussels Hoofdstedelijk Gewest",,"Van 90 tot 94 jaar","94 jaar",995
"Brussels Hoofdstedelijk Gewest",,"Van 95 tot 99 jaar","95 jaar",782
"Brussels Hoofdstedelijk Gewest",,"Van 95 tot 99 jaar","96 jaar",589
"Brussels Hoofdstedelijk Gewest",,"Van 95 tot 99 jaar","97 jaar",397
"Brussels Hoofdstedelijk Gewest",,"Van 95 tot 99 jaar","98 jaar",302
"Brussels Hoofdstedelijk Gewest",,"Van 95 tot 99 jaar","99 jaar",161
"Brussels Hoofdstedelijk Gewest",,"100 jaar en meer","100 jaar en meer",219
"Waals Gewest","Provincie Waals-Brabant","Minder dan 5 jaar","Minder dan 1 jaar",3718
"Waals Gewest","Provincie Waals-Brabant","Minder dan 5 jaar","1 jaar",3943
"Waals Gewest","Provincie Waals-Brabant","Minder dan 5 jaar","2 jaar",4085
"Waals Gewest","Provincie Waals-Brabant","Minder dan 5 jaar","3 jaar",4258
"Waals Gewest","Provincie Waals-Brabant","Minder dan 5 jaar","4 jaar",4337
"Waals Gewest","Provincie Waals-Brabant","Van 5 tot 9 jaar","5 jaar",4513
"Waals Gewest","Provincie Waals-Brabant","Van 5 tot 9 jaar","6 jaar",4505
"Waals Gewest","Provincie Waals-Brabant","Van 5 tot 9 jaar","7 jaar",4542
"Waals Gewest","Provincie Waals-Brabant","Van 5 tot 9 jaar","8 jaar",4895
"Waals Gewest","Provincie Waals-Brabant","Van 5 tot 9 jaar","9 jaar",4960
"Waals Gewest","Provincie Waals-Brabant","Van 10 tot 14 jaar","10 jaar",4898
"Waals Gewest","Provincie Waals-Brabant","Van 10 tot 14 jaar","11 jaar",4961
"Waals Gewest","Provincie Waals-Brabant","Van 10 tot 14 jaar","12 jaar",5090
"Waals Gewest","Provincie Waals-Brabant","Van 10 tot 14 jaar","13 jaar",5002
"Waals Gewest","Provincie Waals-Brabant","Van 10 tot 14 jaar","14 jaar",4941
"Waals Gewest","Provincie Waals-Brabant","Van 15 tot 19 jaar","15 jaar",4903
"Waals Gewest","Provincie Waals-Brabant","Van 15 tot 19 jaar","16 jaar",4868
"Waals Gewest","Provincie Waals-Brabant","Van 15 tot 19 jaar","17 jaar",5132
"Waals Gewest","Provincie Waals-Brabant","Van 15 tot 19 jaar","18 jaar",5093
"Waals Gewest","Provincie Waals-Brabant","Van 15 tot 19 jaar","19 jaar",5046
"Waals Gewest","Provincie Waals-Brabant","Van 20 tot 24 jaar","20 jaar",5018
"Waals Gewest","Provincie Waals-Brabant","Van 20 tot 24 jaar","21 jaar",5137
"Waals Gewest","Provincie Waals-Brabant","Van 20 tot 24 jaar","22 jaar",5223
"Waals Gewest","Provincie Waals-Brabant","Van 20 tot 24 jaar","23 jaar",4975
"Waals Gewest","Provincie Waals-Brabant","Van 20 tot 24 jaar","24 jaar",4828
"Waals Gewest","Provincie Waals-Brabant","Van 25 tot 29 jaar","25 jaar",4798
"Waals Gewest","Provincie Waals-Brabant","Van 25 tot 29 jaar","26 jaar",4863
"Waals Gewest","Provincie Waals-Brabant","Van 25 tot 29 jaar","27 jaar",4847
"Waals Gewest","Provincie Waals-Brabant","Van 25 tot 29 jaar","28 jaar",4666
"Waals Gewest","Provincie Waals-Brabant","Van 25 tot 29 jaar","29 jaar",4709
"Waals Gewest","Provincie Waals-Brabant","Van 30 tot 34 jaar","30 jaar",4656
"Waals Gewest","Provincie Waals-Brabant","Van 30 tot 34 jaar","31 jaar",4592
"Waals Gewest","Provincie Waals-Brabant","Van 30 tot 34 jaar","32 jaar",4670
"Waals Gewest","Provincie Waals-Brabant","Van 30 tot 34 jaar","33 jaar",4659
"Waals Gewest","Provincie Waals-Brabant","Van 30 tot 34 jaar","34 jaar",4690
"Waals Gewest","Provincie Waals-Brabant","Van 35 tot 39 jaar","35 jaar",4751
"Waals Gewest","Provincie Waals-Brabant","Van 35 tot 39 jaar","36 jaar",4756
"Waals Gewest","Provincie Waals-Brabant","Van 35 tot 39 jaar","37 jaar",4883
"Waals Gewest","Provincie Waals-Brabant","Van 35 tot 39 jaar","38 jaar",5050
"Waals Gewest","Provincie Waals-Brabant","Van 35 tot 39 jaar","39 jaar",5017
"Waals Gewest","Provincie Waals-Brabant","Van 40 tot 44 jaar","40 jaar",4968
"Waals Gewest","Provincie Waals-Brabant","Van 40 tot 44 jaar","41 jaar",5084
"Waals Gewest","Provincie Waals-Brabant","Van 40 tot 44 jaar","42 jaar",5261
"Waals Gewest","Provincie Waals-Brabant","Van 40 tot 44 jaar","43 jaar",5250
"Waals Gewest","Provincie Waals-Brabant","Van 40 tot 44 jaar","44 jaar",5333
"Waals Gewest","Provincie Waals-Brabant","Van 45 tot 49 jaar","45 jaar",5569
"Waals Gewest","Provincie Waals-Brabant","Van 45 tot 49 jaar","46 jaar",5780
"Waals Gewest","Provincie Waals-Brabant","Van 45 tot 49 jaar","47 jaar",5969
"Waals Gewest","Provincie Waals-Brabant","Van 45 tot 49 jaar","48 jaar",5592
"Waals Gewest","Provincie Waals-Brabant","Van 45 tot 49 jaar","49 jaar",5629
"Waals Gewest","Provincie Waals-Brabant","Van 50 tot 54 jaar","50 jaar",5500
"Waals Gewest","Provincie Waals-Brabant","Van 50 tot 54 jaar","51 jaar",5656
"Waals Gewest","Provincie Waals-Brabant","Van 50 tot 54 jaar","52 jaar",5789
"Waals Gewest","Provincie Waals-Brabant","Van 50 tot 54 jaar","53 jaar",5877
"Waals Gewest","Provincie Waals-Brabant","Van 50 tot 54 jaar","54 jaar",5844
"Waals Gewest","Provincie Waals-Brabant","Van 55 tot 59 jaar","55 jaar",5728
"Waals Gewest","Provincie Waals-Brabant","Van 55 tot 59 jaar","56 jaar",5684
"Waals Gewest","Provincie Waals-Brabant","Van 55 tot 59 jaar","57 jaar",5619
"Waals Gewest","Provincie Waals-Brabant","Van 55 tot 59 jaar","58 jaar",5693
"Waals Gewest","Provincie Waals-Brabant","Van 55 tot 59 jaar","59 jaar",5458
"Waals Gewest","Provincie Waals-Brabant","Van 60 tot 64 jaar","60 jaar",5319
"Waals Gewest","Provincie Waals-Brabant","Van 60 tot 64 jaar","61 jaar",5114
"Waals Gewest","Provincie Waals-Brabant","Van 60 tot 64 jaar","62 jaar",5022
"Waals Gewest","Provincie Waals-Brabant","Van 60 tot 64 jaar","63 jaar",4978
"Waals Gewest","Provincie Waals-Brabant","Van 60 tot 64 jaar","64 jaar",4721
"Waals Gewest","Provincie Waals-Brabant","Van 65 tot 69 jaar","65 jaar",4669
"Waals Gewest","Provincie Waals-Brabant","Van 65 tot 69 jaar","66 jaar",4575
"Waals Gewest","Provincie Waals-Brabant","Van 65 tot 69 jaar","67 jaar",4341
"Waals Gewest","Provincie Waals-Brabant","Van 65 tot 69 jaar","68 jaar",4385
"Waals Gewest","Provincie Waals-Brabant","Van 65 tot 69 jaar","69 jaar",4298
"Waals Gewest","Provincie Waals-Brabant","Van 70 tot 74 jaar","70 jaar",4414
"Waals Gewest","Provincie Waals-Brabant","Van 70 tot 74 jaar","71 jaar",4452
"Waals Gewest","Provincie Waals-Brabant","Van 70 tot 74 jaar","72 jaar",4352
"Waals Gewest","Provincie Waals-Brabant","Van 70 tot 74 jaar","73 jaar",3435
"Waals Gewest","Provincie Waals-Brabant","Van 70 tot 74 jaar","74 jaar",3361
"Waals Gewest","Provincie Waals-Brabant","Van 75 tot 79 jaar","75 jaar",3059
"Waals Gewest","Provincie Waals-Brabant","Van 75 tot 79 jaar","76 jaar",2562
"Waals Gewest","Provincie Waals-Brabant","Van 75 tot 79 jaar","77 jaar",2275
"Waals Gewest","Provincie Waals-Brabant","Van 75 tot 79 jaar","78 jaar",2406
"Waals Gewest","Provincie Waals-Brabant","Van 75 tot 79 jaar","79 jaar",2566
"Waals Gewest","Provincie Waals-Brabant","Van 80 tot 84 jaar","80 jaar",2423
"Waals Gewest","Provincie Waals-Brabant","Van 80 tot 84 jaar","81 jaar",2242
"Waals Gewest","Provincie Waals-Brabant","Van 80 tot 84 jaar","82 jaar",2116
"Waals Gewest","Provincie Waals-Brabant","Van 80 tot 84 jaar","83 jaar",1894
"Waals Gewest","Provincie Waals-Brabant","Van 80 tot 84 jaar","84 jaar",1770
"Waals Gewest","Provincie Waals-Brabant","Van 85 tot 89 jaar","85 jaar",1691
"Waals Gewest","Provincie Waals-Brabant","Van 85 tot 89 jaar","86 jaar",1605
"Waals Gewest","Provincie Waals-Brabant","Van 85 tot 89 jaar","87 jaar",1470
"Waals Gewest","Provincie Waals-Brabant","Van 85 tot 89 jaar","88 jaar",1301
"Waals Gewest","Provincie Waals-Brabant","Van 85 tot 89 jaar","89 jaar",1105
"Waals Gewest","Provincie Waals-Brabant","Van 90 tot 94 jaar","90 jaar",858
"Waals Gewest","Provincie Waals-Brabant","Van 90 tot 94 jaar","91 jaar",724
"Waals Gewest","Provincie Waals-Brabant","Van 90 tot 94 jaar","92 jaar",567
"Waals Gewest","Provincie Waals-Brabant","Van 90 tot 94 jaar","93 jaar",485
"Waals Gewest","Provincie Waals-Brabant","Van 90 tot 94 jaar","94 jaar",415
"Waals Gewest","Provincie Waals-Brabant","Van 95 tot 99 jaar","95 jaar",294
"Waals Gewest","Provincie Waals-Brabant","Van 95 tot 99 jaar","96 jaar",189
"Waals Gewest","Provincie Waals-Brabant","Van 95 tot 99 jaar","97 jaar",162
"Waals Gewest","Provincie Waals-Brabant","Van 95 tot 99 jaar","98 jaar",100
"Waals Gewest","Provincie Waals-Brabant","Van 95 tot 99 jaar","99 jaar",59
"Waals Gewest","Provincie Waals-Brabant","100 jaar en meer","100 jaar en meer",64
"Waals Gewest","Provincie Henegouwen","Minder dan 5 jaar","Minder dan 1 jaar",13326
"Waals Gewest","Provincie Henegouwen","Minder dan 5 jaar","1 jaar",13851
"Waals Gewest","Provincie Henegouwen","Minder dan 5 jaar","2 jaar",14069
"Waals Gewest","Provincie Henegouwen","Minder dan 5 jaar","3 jaar",14670
"Waals Gewest","Provincie Henegouwen","Minder dan 5 jaar","4 jaar",15037
"Waals Gewest","Provincie Henegouwen","Van 5 tot 9 jaar","5 jaar",15319
"Waals Gewest","Provincie Henegouwen","Van 5 tot 9 jaar","6 jaar",15636
"Waals Gewest","Provincie Henegouwen","Van 5 tot 9 jaar","7 jaar",15878
"Waals Gewest","Provincie Henegouwen","Van 5 tot 9 jaar","8 jaar",16118
"Waals Gewest","Provincie Henegouwen","Van 5 tot 9 jaar","9 jaar",16223
"Waals Gewest","Provincie Henegouwen","Van 10 tot 14 jaar","10 jaar",16292
"Waals Gewest","Provincie Henegouwen","Van 10 tot 14 jaar","11 jaar",16397
"Waals Gewest","Provincie Henegouwen","Van 10 tot 14 jaar","12 jaar",16301
"Waals Gewest","Provincie Henegouwen","Van 10 tot 14 jaar","13 jaar",15991
"Waals Gewest","Provincie Henegouwen","Van 10 tot 14 jaar","14 jaar",15951
"Waals Gewest","Provincie Henegouwen","Van 15 tot 19 jaar","15 jaar",15757
"Waals Gewest","Provincie Henegouwen","Van 15 tot 19 jaar","16 jaar",15836
"Waals Gewest","Provincie Henegouwen","Van 15 tot 19 jaar","17 jaar",16411
"Waals Gewest","Provincie Henegouwen","Van 15 tot 19 jaar","18 jaar",16502
"Waals Gewest","Provincie Henegouwen","Van 15 tot 19 jaar","19 jaar",16092
"Waals Gewest","Provincie Henegouwen","Van 20 tot 24 jaar","20 jaar",15970
"Waals Gewest","Provincie Henegouwen","Van 20 tot 24 jaar","21 jaar",15926
"Waals Gewest","Provincie Henegouwen","Van 20 tot 24 jaar","22 jaar",16021
"Waals Gewest","Provincie Henegouwen","Van 20 tot 24 jaar","23 jaar",15654
"Waals Gewest","Provincie Henegouwen","Van 20 tot 24 jaar","24 jaar",15413
"Waals Gewest","Provincie Henegouwen","Van 25 tot 29 jaar","25 jaar",15862
"Waals Gewest","Provincie Henegouwen","Van 25 tot 29 jaar","26 jaar",16652
"Waals Gewest","Provincie Henegouwen","Van 25 tot 29 jaar","27 jaar",17168
"Waals Gewest","Provincie Henegouwen","Van 25 tot 29 jaar","28 jaar",17082
"Waals Gewest","Provincie Henegouwen","Van 25 tot 29 jaar","29 jaar",17313
"Waals Gewest","Provincie Henegouwen","Van 30 tot 34 jaar","30 jaar",17005
"Waals Gewest","Provincie Henegouwen","Van 30 tot 34 jaar","31 jaar",16807
"Waals Gewest","Provincie Henegouwen","Van 30 tot 34 jaar","32 jaar",16968
"Waals Gewest","Provincie Henegouwen","Van 30 tot 34 jaar","33 jaar",16444
"Waals Gewest","Provincie Henegouwen","Van 30 tot 34 jaar","34 jaar",16418
"Waals Gewest","Provincie Henegouwen","Van 35 tot 39 jaar","35 jaar",15966
"Waals Gewest","Provincie Henegouwen","Van 35 tot 39 jaar","36 jaar",16726
"Waals Gewest","Provincie Henegouwen","Van 35 tot 39 jaar","37 jaar",17085
"Waals Gewest","Provincie Henegouwen","Van 35 tot 39 jaar","38 jaar",17318
"Waals Gewest","Provincie Henegouwen","Van 35 tot 39 jaar","39 jaar",16847
"Waals Gewest","Provincie Henegouwen","Van 40 tot 44 jaar","40 jaar",16853
"Waals Gewest","Provincie Henegouwen","Van 40 tot 44 jaar","41 jaar",16964
"Waals Gewest","Provincie Henegouwen","Van 40 tot 44 jaar","42 jaar",16841
"Waals Gewest","Provincie Henegouwen","Van 40 tot 44 jaar","43 jaar",17295
"Waals Gewest","Provincie Henegouwen","Van 40 tot 44 jaar","44 jaar",17932
"Waals Gewest","Provincie Henegouwen","Van 45 tot 49 jaar","45 jaar",18681
"Waals Gewest","Provincie Henegouwen","Van 45 tot 49 jaar","46 jaar",19277
"Waals Gewest","Provincie Henegouwen","Van 45 tot 49 jaar","47 jaar",19278
"Waals Gewest","Provincie Henegouwen","Van 45 tot 49 jaar","48 jaar",19013
"Waals Gewest","Provincie Henegouwen","Van 45 tot 49 jaar","49 jaar",18726
"Waals Gewest","Provincie Henegouwen","Van 50 tot 54 jaar","50 jaar",18225
"Waals Gewest","Provincie Henegouwen","Van 50 tot 54 jaar","51 jaar",18106
"Waals Gewest","Provincie Henegouwen","Van 50 tot 54 jaar","52 jaar",18434
"Waals Gewest","Provincie Henegouwen","Van 50 tot 54 jaar","53 jaar",18780
"Waals Gewest","Provincie Henegouwen","Van 50 tot 54 jaar","54 jaar",19123
"Waals Gewest","Provincie Henegouwen","Van 55 tot 59 jaar","55 jaar",18885
"Waals Gewest","Provincie Henegouwen","Van 55 tot 59 jaar","56 jaar",18149
"Waals Gewest","Provincie Henegouwen","Van 55 tot 59 jaar","57 jaar",18379
"Waals Gewest","Provincie Henegouwen","Van 55 tot 59 jaar","58 jaar",18314
"Waals Gewest","Provincie Henegouwen","Van 55 tot 59 jaar","59 jaar",18488
"Waals Gewest","Provincie Henegouwen","Van 60 tot 64 jaar","60 jaar",18078
"Waals Gewest","Provincie Henegouwen","Van 60 tot 64 jaar","61 jaar",17381
"Waals Gewest","Provincie Henegouwen","Van 60 tot 64 jaar","62 jaar",17150
"Waals Gewest","Provincie Henegouwen","Van 60 tot 64 jaar","63 jaar",16740
"Waals Gewest","Provincie Henegouwen","Van 60 tot 64 jaar","64 jaar",16601
"Waals Gewest","Provincie Henegouwen","Van 65 tot 69 jaar","65 jaar",16001
"Waals Gewest","Provincie Henegouwen","Van 65 tot 69 jaar","66 jaar",15392
"Waals Gewest","Provincie Henegouwen","Van 65 tot 69 jaar","67 jaar",15037
"Waals Gewest","Provincie Henegouwen","Van 65 tot 69 jaar","68 jaar",14900
"Waals Gewest","Provincie Henegouwen","Van 65 tot 69 jaar","69 jaar",15002
"Waals Gewest","Provincie Henegouwen","Van 70 tot 74 jaar","70 jaar",14977
"Waals Gewest","Provincie Henegouwen","Van 70 tot 74 jaar","71 jaar",14671
"Waals Gewest","Provincie Henegouwen","Van 70 tot 74 jaar","72 jaar",14376
"Waals Gewest","Provincie Henegouwen","Van 70 tot 74 jaar","73 jaar",10393
"Waals Gewest","Provincie Henegouwen","Van 70 tot 74 jaar","74 jaar",10092
"Waals Gewest","Provincie Henegouwen","Van 75 tot 79 jaar","75 jaar",9152
"Waals Gewest","Provincie Henegouwen","Van 75 tot 79 jaar","76 jaar",7562
"Waals Gewest","Provincie Henegouwen","Van 75 tot 79 jaar","77 jaar",6977
"Waals Gewest","Provincie Henegouwen","Van 75 tot 79 jaar","78 jaar",7511
"Waals Gewest","Provincie Henegouwen","Van 75 tot 79 jaar","79 jaar",7900
"Waals Gewest","Provincie Henegouwen","Van 80 tot 84 jaar","80 jaar",7659
"Waals Gewest","Provincie Henegouwen","Van 80 tot 84 jaar","81 jaar",6925
"Waals Gewest","Provincie Henegouwen","Van 80 tot 84 jaar","82 jaar",6601
"Waals Gewest","Provincie Henegouwen","Van 80 tot 84 jaar","83 jaar",6139
"Waals Gewest","Provincie Henegouwen","Van 80 tot 84 jaar","84 jaar",5880
"Waals Gewest","Provincie Henegouwen","Van 85 tot 89 jaar","85 jaar",5390
"Waals Gewest","Provincie Henegouwen","Van 85 tot 89 jaar","86 jaar",5458
"Waals Gewest","Provincie Henegouwen","Van 85 tot 89 jaar","87 jaar",4894
"Waals Gewest","Provincie Henegouwen","Van 85 tot 89 jaar","88 jaar",4454
"Waals Gewest","Provincie Henegouwen","Van 85 tot 89 jaar","89 jaar",3582
"Waals Gewest","Provincie Henegouwen","Van 90 tot 94 jaar","90 jaar",3014
"Waals Gewest","Provincie Henegouwen","Van 90 tot 94 jaar","91 jaar",2644
"Waals Gewest","Provincie Henegouwen","Van 90 tot 94 jaar","92 jaar",2017
"Waals Gewest","Provincie Henegouwen","Van 90 tot 94 jaar","93 jaar",1664
"Waals Gewest","Provincie Henegouwen","Van 90 tot 94 jaar","94 jaar",1296
"Waals Gewest","Provincie Henegouwen","Van 95 tot 99 jaar","95 jaar",896
"Waals Gewest","Provincie Henegouwen","Van 95 tot 99 jaar","96 jaar",641
"Waals Gewest","Provincie Henegouwen","Van 95 tot 99 jaar","97 jaar",498
"Waals Gewest","Provincie Henegouwen","Van 95 tot 99 jaar","98 jaar",349
"Waals Gewest","Provincie Henegouwen","Van 95 tot 99 jaar","99 jaar",143
"Waals Gewest","Provincie Henegouwen","100 jaar en meer","100 jaar en meer",159
"Waals Gewest","Provincie Luik","Minder dan 5 jaar","Minder dan 1 jaar",11403
"Waals Gewest","Provincie Luik","Minder dan 5 jaar","1 jaar",11740
"Waals Gewest","Provincie Luik","Minder dan 5 jaar","2 jaar",11963
"Waals Gewest","Provincie Luik","Minder dan 5 jaar","3 jaar",11997
"Waals Gewest","Provincie Luik","Minder dan 5 jaar","4 jaar",12434
"Waals Gewest","Provincie Luik","Van 5 tot 9 jaar","5 jaar",12454
"Waals Gewest","Provincie Luik","Van 5 tot 9 jaar","6 jaar",12855
"Waals Gewest","Provincie Luik","Van 5 tot 9 jaar","7 jaar",13090
"Waals Gewest","Provincie Luik","Van 5 tot 9 jaar","8 jaar",13272
"Waals Gewest","Provincie Luik","Van 5 tot 9 jaar","9 jaar",13176
"Waals Gewest","Provincie Luik","Van 10 tot 14 jaar","10 jaar",13207
"Waals Gewest","Provincie Luik","Van 10 tot 14 jaar","11 jaar",12687
"Waals Gewest","Provincie Luik","Van 10 tot 14 jaar","12 jaar",12980
"Waals Gewest","Provincie Luik","Van 10 tot 14 jaar","13 jaar",12719
"Waals Gewest","Provincie Luik","Van 10 tot 14 jaar","14 jaar",12496
"Waals Gewest","Provincie Luik","Van 15 tot 19 jaar","15 jaar",12550
"Waals Gewest","Provincie Luik","Van 15 tot 19 jaar","16 jaar",12565
"Waals Gewest","Provincie Luik","Van 15 tot 19 jaar","17 jaar",13038
"Waals Gewest","Provincie Luik","Van 15 tot 19 jaar","18 jaar",13164
"Waals Gewest","Provincie Luik","Van 15 tot 19 jaar","19 jaar",12958
"Waals Gewest","Provincie Luik","Van 20 tot 24 jaar","20 jaar",12995
"Waals Gewest","Provincie Luik","Van 20 tot 24 jaar","21 jaar",13205
"Waals Gewest","Provincie Luik","Van 20 tot 24 jaar","22 jaar",13400
"Waals Gewest","Provincie Luik","Van 20 tot 24 jaar","23 jaar",13325
"Waals Gewest","Provincie Luik","Van 20 tot 24 jaar","24 jaar",13497
"Waals Gewest","Provincie Luik","Van 25 tot 29 jaar","25 jaar",13952
"Waals Gewest","Provincie Luik","Van 25 tot 29 jaar","26 jaar",14311
"Waals Gewest","Provincie Luik","Van 25 tot 29 jaar","27 jaar",14809
"Waals Gewest","Provincie Luik","Van 25 tot 29 jaar","28 jaar",14924
"Waals Gewest","Provincie Luik","Van 25 tot 29 jaar","29 jaar",14611
"Waals Gewest","Provincie Luik","Van 30 tot 34 jaar","30 jaar",14823
"Waals Gewest","Provincie Luik","Van 30 tot 34 jaar","31 jaar",14430
"Waals Gewest","Provincie Luik","Van 30 tot 34 jaar","32 jaar",14345
"Waals Gewest","Provincie Luik","Van 30 tot 34 jaar","33 jaar",14109
"Waals Gewest","Provincie Luik","Van 30 tot 34 jaar","34 jaar",14018
"Waals Gewest","Provincie Luik","Van 35 tot 39 jaar","35 jaar",13671
"Waals Gewest","Provincie Luik","Van 35 tot 39 jaar","36 jaar",14058
"Waals Gewest","Provincie Luik","Van 35 tot 39 jaar","37 jaar",14174
"Waals Gewest","Provincie Luik","Van 35 tot 39 jaar","38 jaar",14172
"Waals Gewest","Provincie Luik","Van 35 tot 39 jaar","39 jaar",13893
"Waals Gewest","Provincie Luik","Van 40 tot 44 jaar","40 jaar",13511
"Waals Gewest","Provincie Luik","Van 40 tot 44 jaar","41 jaar",13391
"Waals Gewest","Provincie Luik","Van 40 tot 44 jaar","42 jaar",13856
"Waals Gewest","Provincie Luik","Van 40 tot 44 jaar","43 jaar",13642
"Waals Gewest","Provincie Luik","Van 40 tot 44 jaar","44 jaar",14132
"Waals Gewest","Provincie Luik","Van 45 tot 49 jaar","45 jaar",14560
"Waals Gewest","Provincie Luik","Van 45 tot 49 jaar","46 jaar",14871
"Waals Gewest","Provincie Luik","Van 45 tot 49 jaar","47 jaar",15058
"Waals Gewest","Provincie Luik","Van 45 tot 49 jaar","48 jaar",15010
"Waals Gewest","Provincie Luik","Van 45 tot 49 jaar","49 jaar",14830
"Waals Gewest","Provincie Luik","Van 50 tot 54 jaar","50 jaar",14940
"Waals Gewest","Provincie Luik","Van 50 tot 54 jaar","51 jaar",14926
"Waals Gewest","Provincie Luik","Van 50 tot 54 jaar","52 jaar",15322
"Waals Gewest","Provincie Luik","Van 50 tot 54 jaar","53 jaar",15670
"Waals Gewest","Provincie Luik","Van 50 tot 54 jaar","54 jaar",16150
"Waals Gewest","Provincie Luik","Van 55 tot 59 jaar","55 jaar",15720
"Waals Gewest","Provincie Luik","Van 55 tot 59 jaar","56 jaar",15058
"Waals Gewest","Provincie Luik","Van 55 tot 59 jaar","57 jaar",15188
"Waals Gewest","Provincie Luik","Van 55 tot 59 jaar","58 jaar",15059
"Waals Gewest","Provincie Luik","Van 55 tot 59 jaar","59 jaar",15053
"Waals Gewest","Provincie Luik","Van 60 tot 64 jaar","60 jaar",14727
"Waals Gewest","Provincie Luik","Van 60 tot 64 jaar","61 jaar",14519
"Waals Gewest","Provincie Luik","Van 60 tot 64 jaar","62 jaar",13863
"Waals Gewest","Provincie Luik","Van 60 tot 64 jaar","63 jaar",13741
"Waals Gewest","Provincie Luik","Van 60 tot 64 jaar","64 jaar",13427
"Waals Gewest","Provincie Luik","Van 65 tot 69 jaar","65 jaar",13016
"Waals Gewest","Provincie Luik","Van 65 tot 69 jaar","66 jaar",12594
"Waals Gewest","Provincie Luik","Van 65 tot 69 jaar","67 jaar",12308
"Waals Gewest","Provincie Luik","Van 65 tot 69 jaar","68 jaar",12566
"Waals Gewest","Provincie Luik","Van 65 tot 69 jaar","69 jaar",11838
"Waals Gewest","Provincie Luik","Van 70 tot 74 jaar","70 jaar",11896
"Waals Gewest","Provincie Luik","Van 70 tot 74 jaar","71 jaar",11510
"Waals Gewest","Provincie Luik","Van 70 tot 74 jaar","72 jaar",11061
"Waals Gewest","Provincie Luik","Van 70 tot 74 jaar","73 jaar",8400
"Waals Gewest","Provincie Luik","Van 70 tot 74 jaar","74 jaar",8260
"Waals Gewest","Provincie Luik","Van 75 tot 79 jaar","75 jaar",7595
"Waals Gewest","Provincie Luik","Van 75 tot 79 jaar","76 jaar",6957
"Waals Gewest","Provincie Luik","Van 75 tot 79 jaar","77 jaar",6250
"Waals Gewest","Provincie Luik","Van 75 tot 79 jaar","78 jaar",6971
"Waals Gewest","Provincie Luik","Van 75 tot 79 jaar","79 jaar",7126
"Waals Gewest","Provincie Luik","Van 80 tot 84 jaar","80 jaar",6786
"Waals Gewest","Provincie Luik","Van 80 tot 84 jaar","81 jaar",6089
"Waals Gewest","Provincie Luik","Van 80 tot 84 jaar","82 jaar",5705
"Waals Gewest","Provincie Luik","Van 80 tot 84 jaar","83 jaar",5280
"Waals Gewest","Provincie Luik","Van 80 tot 84 jaar","84 jaar",5042
"Waals Gewest","Provincie Luik","Van 85 tot 89 jaar","85 jaar",4785
"Waals Gewest","Provincie Luik","Van 85 tot 89 jaar","86 jaar",4569
"Waals Gewest","Provincie Luik","Van 85 tot 89 jaar","87 jaar",4055
"Waals Gewest","Provincie Luik","Van 85 tot 89 jaar","88 jaar",3537
"Waals Gewest","Provincie Luik","Van 85 tot 89 jaar","89 jaar",2967
"Waals Gewest","Provincie Luik","Van 90 tot 94 jaar","90 jaar",2363
"Waals Gewest","Provincie Luik","Van 90 tot 94 jaar","91 jaar",1965
"Waals Gewest","Provincie Luik","Van 90 tot 94 jaar","92 jaar",1638
"Waals Gewest","Provincie Luik","Van 90 tot 94 jaar","93 jaar",1284
"Waals Gewest","Provincie Luik","Van 90 tot 94 jaar","94 jaar",939
"Waals Gewest","Provincie Luik","Van 95 tot 99 jaar","95 jaar",655
"Waals Gewest","Provincie Luik","Van 95 tot 99 jaar","96 jaar",474
"Waals Gewest","Provincie Luik","Van 95 tot 99 jaar","97 jaar",330
"Waals Gewest","Provincie Luik","Van 95 tot 99 jaar","98 jaar",233
"Waals Gewest","Provincie Luik","Van 95 tot 99 jaar","99 jaar",141
"Waals Gewest","Provincie Luik","100 jaar en meer","100 jaar en meer",113
"Waals Gewest","Provincie Luxemburg","Minder dan 5 jaar","Minder dan 1 jaar",2900
"Waals Gewest","Provincie Luxemburg","Minder dan 5 jaar","1 jaar",3037
"Waals Gewest","Provincie Luxemburg","Minder dan 5 jaar","2 jaar",3006
"Waals Gewest","Provincie Luxemburg","Minder dan 5 jaar","3 jaar",3227
"Waals Gewest","Provincie Luxemburg","Minder dan 5 jaar","4 jaar",3309
"Waals Gewest","Provincie Luxemburg","Van 5 tot 9 jaar","5 jaar",3363
"Waals Gewest","Provincie Luxemburg","Van 5 tot 9 jaar","6 jaar",3522
"Waals Gewest","Provincie Luxemburg","Van 5 tot 9 jaar","7 jaar",3477
"Waals Gewest","Provincie Luxemburg","Van 5 tot 9 jaar","8 jaar",3574
"Waals Gewest","Provincie Luxemburg","Van 5 tot 9 jaar","9 jaar",3512
"Waals Gewest","Provincie Luxemburg","Van 10 tot 14 jaar","10 jaar",3644
"Waals Gewest","Provincie Luxemburg","Van 10 tot 14 jaar","11 jaar",3642
"Waals Gewest","Provincie Luxemburg","Van 10 tot 14 jaar","12 jaar",3649
"Waals Gewest","Provincie Luxemburg","Van 10 tot 14 jaar","13 jaar",3632
"Waals Gewest","Provincie Luxemburg","Van 10 tot 14 jaar","14 jaar",3657
"Waals Gewest","Provincie Luxemburg","Van 15 tot 19 jaar","15 jaar",3539
"Waals Gewest","Provincie Luxemburg","Van 15 tot 19 jaar","16 jaar",3604
"Waals Gewest","Provincie Luxemburg","Van 15 tot 19 jaar","17 jaar",3610
"Waals Gewest","Provincie Luxemburg","Van 15 tot 19 jaar","18 jaar",3808
"Waals Gewest","Provincie Luxemburg","Van 15 tot 19 jaar","19 jaar",3494
"Waals Gewest","Provincie Luxemburg","Van 20 tot 24 jaar","20 jaar",3554
"Waals Gewest","Provincie Luxemburg","Van 20 tot 24 jaar","21 jaar",3579
"Waals Gewest","Provincie Luxemburg","Van 20 tot 24 jaar","22 jaar",3578
"Waals Gewest","Provincie Luxemburg","Van 20 tot 24 jaar","23 jaar",3509
"Waals Gewest","Provincie Luxemburg","Van 20 tot 24 jaar","24 jaar",3388
"Waals Gewest","Provincie Luxemburg","Van 25 tot 29 jaar","25 jaar",3664
"Waals Gewest","Provincie Luxemburg","Van 25 tot 29 jaar","26 jaar",3765
"Waals Gewest","Provincie Luxemburg","Van 25 tot 29 jaar","27 jaar",3706
"Waals Gewest","Provincie Luxemburg","Van 25 tot 29 jaar","28 jaar",3725
"Waals Gewest","Provincie Luxemburg","Van 25 tot 29 jaar","29 jaar",3795
"Waals Gewest","Provincie Luxemburg","Van 30 tot 34 jaar","30 jaar",3783
"Waals Gewest","Provincie Luxemburg","Van 30 tot 34 jaar","31 jaar",3727
"Waals Gewest","Provincie Luxemburg","Van 30 tot 34 jaar","32 jaar",3783
"Waals Gewest","Provincie Luxemburg","Van 30 tot 34 jaar","33 jaar",3505
"Waals Gewest","Provincie Luxemburg","Van 30 tot 34 jaar","34 jaar",3592
"Waals Gewest","Provincie Luxemburg","Van 35 tot 39 jaar","35 jaar",3429
"Waals Gewest","Provincie Luxemburg","Van 35 tot 39 jaar","36 jaar",3656
"Waals Gewest","Provincie Luxemburg","Van 35 tot 39 jaar","37 jaar",3661
"Waals Gewest","Provincie Luxemburg","Van 35 tot 39 jaar","38 jaar",3688
"Waals Gewest","Provincie Luxemburg","Van 35 tot 39 jaar","39 jaar",3615
"Waals Gewest","Provincie Luxemburg","Van 40 tot 44 jaar","40 jaar",3552
"Waals Gewest","Provincie Luxemburg","Van 40 tot 44 jaar","41 jaar",3706
"Waals Gewest","Provincie Luxemburg","Van 40 tot 44 jaar","42 jaar",3571
"Waals Gewest","Provincie Luxemburg","Van 40 tot 44 jaar","43 jaar",3787
"Waals Gewest","Provincie Luxemburg","Van 40 tot 44 jaar","44 jaar",3759
"Waals Gewest","Provincie Luxemburg","Van 45 tot 49 jaar","45 jaar",3960
"Waals Gewest","Provincie Luxemburg","Van 45 tot 49 jaar","46 jaar",4008
"Waals Gewest","Provincie Luxemburg","Van 45 tot 49 jaar","47 jaar",4058
"Waals Gewest","Provincie Luxemburg","Van 45 tot 49 jaar","48 jaar",3909
"Waals Gewest","Provincie Luxemburg","Van 45 tot 49 jaar","49 jaar",3917
"Waals Gewest","Provincie Luxemburg","Van 50 tot 54 jaar","50 jaar",3798
"Waals Gewest","Provincie Luxemburg","Van 50 tot 54 jaar","51 jaar",3822
"Waals Gewest","Provincie Luxemburg","Van 50 tot 54 jaar","52 jaar",3894
"Waals Gewest","Provincie Luxemburg","Van 50 tot 54 jaar","53 jaar",4124
"Waals Gewest","Provincie Luxemburg","Van 50 tot 54 jaar","54 jaar",4158
"Waals Gewest","Provincie Luxemburg","Van 55 tot 59 jaar","55 jaar",3968
"Waals Gewest","Provincie Luxemburg","Van 55 tot 59 jaar","56 jaar",3816
"Waals Gewest","Provincie Luxemburg","Van 55 tot 59 jaar","57 jaar",3963
"Waals Gewest","Provincie Luxemburg","Van 55 tot 59 jaar","58 jaar",3725
"Waals Gewest","Provincie Luxemburg","Van 55 tot 59 jaar","59 jaar",3820
"Waals Gewest","Provincie Luxemburg","Van 60 tot 64 jaar","60 jaar",3584
"Waals Gewest","Provincie Luxemburg","Van 60 tot 64 jaar","61 jaar",3528
"Waals Gewest","Provincie Luxemburg","Van 60 tot 64 jaar","62 jaar",3347
"Waals Gewest","Provincie Luxemburg","Van 60 tot 64 jaar","63 jaar",3265
"Waals Gewest","Provincie Luxemburg","Van 60 tot 64 jaar","64 jaar",3222
"Waals Gewest","Provincie Luxemburg","Van 65 tot 69 jaar","65 jaar",3096
"Waals Gewest","Provincie Luxemburg","Van 65 tot 69 jaar","66 jaar",3115
"Waals Gewest","Provincie Luxemburg","Van 65 tot 69 jaar","67 jaar",2825
"Waals Gewest","Provincie Luxemburg","Van 65 tot 69 jaar","68 jaar",2762
"Waals Gewest","Provincie Luxemburg","Van 65 tot 69 jaar","69 jaar",2767
"Waals Gewest","Provincie Luxemburg","Van 70 tot 74 jaar","70 jaar",2827
"Waals Gewest","Provincie Luxemburg","Van 70 tot 74 jaar","71 jaar",2775
"Waals Gewest","Provincie Luxemburg","Van 70 tot 74 jaar","72 jaar",2560
"Waals Gewest","Provincie Luxemburg","Van 70 tot 74 jaar","73 jaar",1864
"Waals Gewest","Provincie Luxemburg","Van 70 tot 74 jaar","74 jaar",1839
"Waals Gewest","Provincie Luxemburg","Van 75 tot 79 jaar","75 jaar",1652
"Waals Gewest","Provincie Luxemburg","Van 75 tot 79 jaar","76 jaar",1562
"Waals Gewest","Provincie Luxemburg","Van 75 tot 79 jaar","77 jaar",1320
"Waals Gewest","Provincie Luxemburg","Van 75 tot 79 jaar","78 jaar",1476
"Waals Gewest","Provincie Luxemburg","Van 75 tot 79 jaar","79 jaar",1652
"Waals Gewest","Provincie Luxemburg","Van 80 tot 84 jaar","80 jaar",1563
"Waals Gewest","Provincie Luxemburg","Van 80 tot 84 jaar","81 jaar",1507
"Waals Gewest","Provincie Luxemburg","Van 80 tot 84 jaar","82 jaar",1362
"Waals Gewest","Provincie Luxemburg","Van 80 tot 84 jaar","83 jaar",1315
"Waals Gewest","Provincie Luxemburg","Van 80 tot 84 jaar","84 jaar",1271
"Waals Gewest","Provincie Luxemburg","Van 85 tot 89 jaar","85 jaar",1169
"Waals Gewest","Provincie Luxemburg","Van 85 tot 89 jaar","86 jaar",1030
"Waals Gewest","Provincie Luxemburg","Van 85 tot 89 jaar","87 jaar",1017
"Waals Gewest","Provincie Luxemburg","Van 85 tot 89 jaar","88 jaar",917
"Waals Gewest","Provincie Luxemburg","Van 85 tot 89 jaar","89 jaar",688
"Waals Gewest","Provincie Luxemburg","Van 90 tot 94 jaar","90 jaar",622
"Waals Gewest","Provincie Luxemburg","Van 90 tot 94 jaar","91 jaar",477
"Waals Gewest","Provincie Luxemburg","Van 90 tot 94 jaar","92 jaar",416
"Waals Gewest","Provincie Luxemburg","Van 90 tot 94 jaar","93 jaar",306
"Waals Gewest","Provincie Luxemburg","Van 90 tot 94 jaar","94 jaar",230
"Waals Gewest","Provincie Luxemburg","Van 95 tot 99 jaar","95 jaar",162
"Waals Gewest","Provincie Luxemburg","Van 95 tot 99 jaar","96 jaar",137
"Waals Gewest","Provincie Luxemburg","Van 95 tot 99 jaar","97 jaar",74
"Waals Gewest","Provincie Luxemburg","Van 95 tot 99 jaar","98 jaar",64
"Waals Gewest","Provincie Luxemburg","Van 95 tot 99 jaar","99 jaar",19
"Waals Gewest","Provincie Luxemburg","100 jaar en meer","100 jaar en meer",31
"Waals Gewest","Provincie Namen","Minder dan 5 jaar","Minder dan 1 jaar",4876
"Waals Gewest","Provincie Namen","Minder dan 5 jaar","1 jaar",4843
"Waals Gewest","Provincie Namen","Minder dan 5 jaar","2 jaar",5097
"Waals Gewest","Provincie Namen","Minder dan 5 jaar","3 jaar",5243
"Waals Gewest","Provincie Namen","Minder dan 5 jaar","4 jaar",5353
"Waals Gewest","Provincie Namen","Van 5 tot 9 jaar","5 jaar",5555
"Waals Gewest","Provincie Namen","Van 5 tot 9 jaar","6 jaar",5621
"Waals Gewest","Provincie Namen","Van 5 tot 9 jaar","7 jaar",5768
"Waals Gewest","Provincie Namen","Van 5 tot 9 jaar","8 jaar",5752
"Waals Gewest","Provincie Namen","Van 5 tot 9 jaar","9 jaar",5831
"Waals Gewest","Provincie Namen","Van 10 tot 14 jaar","10 jaar",5828
"Waals Gewest","Provincie Namen","Van 10 tot 14 jaar","11 jaar",5901
"Waals Gewest","Provincie Namen","Van 10 tot 14 jaar","12 jaar",5921
"Waals Gewest","Provincie Namen","Van 10 tot 14 jaar","13 jaar",5760
"Waals Gewest","Provincie Namen","Van 10 tot 14 jaar","14 jaar",5843
"Waals Gewest","Provincie Namen","Van 15 tot 19 jaar","15 jaar",5824
"Waals Gewest","Provincie Namen","Van 15 tot 19 jaar","16 jaar",5681
"Waals Gewest","Provincie Namen","Van 15 tot 19 jaar","17 jaar",5914
"Waals Gewest","Provincie Namen","Van 15 tot 19 jaar","18 jaar",6199
"Waals Gewest","Provincie Namen","Van 15 tot 19 jaar","19 jaar",5959
"Waals Gewest","Provincie Namen","Van 20 tot 24 jaar","20 jaar",6111
"Waals Gewest","Provincie Namen","Van 20 tot 24 jaar","21 jaar",6038
"Waals Gewest","Provincie Namen","Van 20 tot 24 jaar","22 jaar",6117
"Waals Gewest","Provincie Namen","Van 20 tot 24 jaar","23 jaar",5811
"Waals Gewest","Provincie Namen","Van 20 tot 24 jaar","24 jaar",6083
"Waals Gewest","Provincie Namen","Van 25 tot 29 jaar","25 jaar",5985
"Waals Gewest","Provincie Namen","Van 25 tot 29 jaar","26 jaar",6407
"Waals Gewest","Provincie Namen","Van 25 tot 29 jaar","27 jaar",6388
"Waals Gewest","Provincie Namen","Van 25 tot 29 jaar","28 jaar",6390
"Waals Gewest","Provincie Namen","Van 25 tot 29 jaar","29 jaar",6462
"Waals Gewest","Provincie Namen","Van 30 tot 34 jaar","30 jaar",6520
"Waals Gewest","Provincie Namen","Van 30 tot 34 jaar","31 jaar",6319
"Waals Gewest","Provincie Namen","Van 30 tot 34 jaar","32 jaar",6373
"Waals Gewest","Provincie Namen","Van 30 tot 34 jaar","33 jaar",6190
"Waals Gewest","Provincie Namen","Van 30 tot 34 jaar","34 jaar",6198
"Waals Gewest","Provincie Namen","Van 35 tot 39 jaar","35 jaar",6262
"Waals Gewest","Provincie Namen","Van 35 tot 39 jaar","36 jaar",6248
"Waals Gewest","Provincie Namen","Van 35 tot 39 jaar","37 jaar",6286
"Waals Gewest","Provincie Namen","Van 35 tot 39 jaar","38 jaar",6362
"Waals Gewest","Provincie Namen","Van 35 tot 39 jaar","39 jaar",6180
"Waals Gewest","Provincie Namen","Van 40 tot 44 jaar","40 jaar",6099
"Waals Gewest","Provincie Namen","Van 40 tot 44 jaar","41 jaar",6140
"Waals Gewest","Provincie Namen","Van 40 tot 44 jaar","42 jaar",6131
"Waals Gewest","Provincie Namen","Van 40 tot 44 jaar","43 jaar",6093
"Waals Gewest","Provincie Namen","Van 40 tot 44 jaar","44 jaar",6417
"Waals Gewest","Provincie Namen","Van 45 tot 49 jaar","45 jaar",6546
"Waals Gewest","Provincie Namen","Van 45 tot 49 jaar","46 jaar",6754
"Waals Gewest","Provincie Namen","Van 45 tot 49 jaar","47 jaar",6819
"Waals Gewest","Provincie Namen","Van 45 tot 49 jaar","48 jaar",6736
"Waals Gewest","Provincie Namen","Van 45 tot 49 jaar","49 jaar",6631
"Waals Gewest","Provincie Namen","Van 50 tot 54 jaar","50 jaar",6579
"Waals Gewest","Provincie Namen","Van 50 tot 54 jaar","51 jaar",6830
"Waals Gewest","Provincie Namen","Van 50 tot 54 jaar","52 jaar",6846
"Waals Gewest","Provincie Namen","Van 50 tot 54 jaar","53 jaar",6960
"Waals Gewest","Provincie Namen","Van 50 tot 54 jaar","54 jaar",7214
"Waals Gewest","Provincie Namen","Van 55 tot 59 jaar","55 jaar",7071
"Waals Gewest","Provincie Namen","Van 55 tot 59 jaar","56 jaar",6913
"Waals Gewest","Provincie Namen","Van 55 tot 59 jaar","57 jaar",7067
"Waals Gewest","Provincie Namen","Van 55 tot 59 jaar","58 jaar",6860
"Waals Gewest","Provincie Namen","Van 55 tot 59 jaar","59 jaar",6741
"Waals Gewest","Provincie Namen","Van 60 tot 64 jaar","60 jaar",6551
"Waals Gewest","Provincie Namen","Van 60 tot 64 jaar","61 jaar",6520
"Waals Gewest","Provincie Namen","Van 60 tot 64 jaar","62 jaar",6347
"Waals Gewest","Provincie Namen","Van 60 tot 64 jaar","63 jaar",6082
"Waals Gewest","Provincie Namen","Van 60 tot 64 jaar","64 jaar",5996
"Waals Gewest","Provincie Namen","Van 65 tot 69 jaar","65 jaar",5985
"Waals Gewest","Provincie Namen","Van 65 tot 69 jaar","66 jaar",5850
"Waals Gewest","Provincie Namen","Van 65 tot 69 jaar","67 jaar",5589
"Waals Gewest","Provincie Namen","Van 65 tot 69 jaar","68 jaar",5610
"Waals Gewest","Provincie Namen","Van 65 tot 69 jaar","69 jaar",5574
"Waals Gewest","Provincie Namen","Van 70 tot 74 jaar","70 jaar",5665
"Waals Gewest","Provincie Namen","Van 70 tot 74 jaar","71 jaar",5370
"Waals Gewest","Provincie Namen","Van 70 tot 74 jaar","72 jaar",5102
"Waals Gewest","Provincie Namen","Van 70 tot 74 jaar","73 jaar",3734
"Waals Gewest","Provincie Namen","Van 70 tot 74 jaar","74 jaar",3449
"Waals Gewest","Provincie Namen","Van 75 tot 79 jaar","75 jaar",3192
"Waals Gewest","Provincie Namen","Van 75 tot 79 jaar","76 jaar",2755
"Waals Gewest","Provincie Namen","Van 75 tot 79 jaar","77 jaar",2657
"Waals Gewest","Provincie Namen","Van 75 tot 79 jaar","78 jaar",2859
"Waals Gewest","Provincie Namen","Van 75 tot 79 jaar","79 jaar",3035
"Waals Gewest","Provincie Namen","Van 80 tot 84 jaar","80 jaar",2884
"Waals Gewest","Provincie Namen","Van 80 tot 84 jaar","81 jaar",2652
"Waals Gewest","Provincie Namen","Van 80 tot 84 jaar","82 jaar",2537
"Waals Gewest","Provincie Namen","Van 80 tot 84 jaar","83 jaar",2276
"Waals Gewest","Provincie Namen","Van 80 tot 84 jaar","84 jaar",2153
"Waals Gewest","Provincie Namen","Van 85 tot 89 jaar","85 jaar",1950
"Waals Gewest","Provincie Namen","Van 85 tot 89 jaar","86 jaar",1940
"Waals Gewest","Provincie Namen","Van 85 tot 89 jaar","87 jaar",1757
"Waals Gewest","Provincie Namen","Van 85 tot 89 jaar","88 jaar",1520
"Waals Gewest","Provincie Namen","Van 85 tot 89 jaar","89 jaar",1249
"Waals Gewest","Provincie Namen","Van 90 tot 94 jaar","90 jaar",1040
"Waals Gewest","Provincie Namen","Van 90 tot 94 jaar","91 jaar",844
"Waals Gewest","Provincie Namen","Van 90 tot 94 jaar","92 jaar",733
"Waals Gewest","Provincie Namen","Van 90 tot 94 jaar","93 jaar",552
"Waals Gewest","Provincie Namen","Van 90 tot 94 jaar","94 jaar",425
"Waals Gewest","Provincie Namen","Van 95 tot 99 jaar","95 jaar",310
"Waals Gewest","Provincie Namen","Van 95 tot 99 jaar","96 jaar",235
"Waals Gewest","Provincie Namen","Van 95 tot 99 jaar","97 jaar",165
"Waals Gewest","Provincie Namen","Van 95 tot 99 jaar","98 jaar",94
"Waals Gewest","Provincie Namen","Van 95 tot 99 jaar","99 jaar",53
"Waals Gewest","Provincie Namen","100 jaar en meer","100 jaar en meer",88
